Date,Open,High,Low,Last,Change,Settle,Volume,Previous Day Open Interest
2014-03-11,1850.0,1850.0,1849.75,1850.0,12.0,1843.5,1.0,170.0
2014-03-12,1839.5,1845.5,1834.0,1845.5,2.5,1846.0,275.0,221.0
2014-03-13,1849.25,1851.5,1821.5,1825.75,20.75,1825.25,5.0,472.0
2014-03-14,1830.0,1831.0,1819.25,1819.25,6.75,1818.5,38.0,475.0
2014-03-17,1816.75,1840.5,1810.0,1837.0,17.75,1836.25,30.0,499.0
2014-03-18,1842.5,1851.75,1832.0,1849.75,13.0,1849.25,28.0,516.0
2014-03-19,1852.0,1852.75,1828.25,1836.0,11.25,1838.0,169.0,531.0
2014-03-20,1834.5,1851.5,1831.0,1851.25,14.0,1852.0,35.0,653.0
2014-03-21,1853.5,1847.25,1841.25,1847.25,9.25,1836.0,0.0,6.0
2014-03-24,1825.0,1837.75,1825.0,1826.75,7.75,1828.25,1.0,6.0
2014-03-25,1835.0,1840.0,1835.0,1836.75,9.75,1838.0,6.0,7.0
2014-03-26,1821.5,1845.25,1824.0,1824.0,16.5,1821.5,0.0,8.0
2014-03-27,1823.0,1825.75,1815.0,1819.25,2.0,1819.5,18.0,8.0
2014-03-28,1829.25,1832.0,1829.25,1832.0,9.75,1829.25,0.0,23.0
2014-03-31,1843.5,1845.25,1843.5,1842.0,14.25,1843.5,0.0,23.0
2014-04-01,1852.5,1856.5,1842.0,1856.5,13.0,1856.5,1.0,23.0
2014-04-02,1859.25,1861.5,1859.25,1860.5,5.25,1861.75,6.0,24.0
2014-04-03,1862.0,1862.0,1855.5,1861.25,0.25,1862.0,0.0,23.0
2014-04-04,1862.75,1865.5,1844.75,1844.75,23.0,1839.0,25.0,23.0
2014-04-07,1832.0,1832.0,1818.75,1818.75,22.0,1817.0,22.0,45.0
2014-04-08,1813.75,1826.75,1813.75,1824.5,6.75,1823.75,25.0,46.0
2014-04-09,1838.0,1843.0,1823.5,1843.0,19.75,1843.5,4.0,65.0
2014-04-10,1818.0,1818.0,1809.0,1809.0,38.0,1805.5,3.0,69.0
2014-04-11,1800.0,1808.0,1785.0,1787.5,16.0,1789.5,17.0,70.0
2014-04-14,1790.0,1799.5,1785.0,1796.5,12.75,1802.25,2.0,73.0
2014-04-15,1806.5,1814.0,1790.0,1814.0,15.25,1817.5,4.0,72.0
2014-04-16,1830.5,1828.25,1830.5,1828.25,13.0,1830.5,0.0,74.0
2014-04-17,1835.75,1834.75,1835.75,1834.75,5.25,1835.75,0.0,74.0
2014-04-21,1842.25,1841.5,1835.5,1841.5,6.5,1842.25,0.0,74.0
2014-04-22,1851.75,1853.5,1841.5,1853.5,9.5,1851.75,0.0,74.0
2014-04-23,1850.75,1850.75,1848.5,1848.5,1.0,1850.75,0.0,74.0
2014-04-24,1851.0,1856.75,1848.0,1849.0,0.25,1851.0,0.0,74.0
2014-04-25,1845.0,1845.0,1834.75,1835.0,13.0,1838.0,2.0,74.0
2014-04-28,1825.0,1844.75,1824.75,1841.0,6.0,1844.0,1.0,75.0
2014-04-29,1849.0,1849.5,1849.0,1848.75,5.5,1849.5,1.0,76.0
2014-04-30,1847.25,1854.75,1844.75,1854.5,6.0,1855.5,7.0,77.0
2014-05-01,1855.5,1856.5,1851.0,1855.5,,1855.5,0.0,77.0
2014-05-02,1852.0,1859.25,1853.5,1853.5,3.5,1852.0,0.0,77.0
2014-05-05,1845.0,1855.25,1842.0,1854.5,1.5,1853.5,13.0,77.0
2014-05-06,1844.0,1856.0,1841.0,1842.75,11.5,1842.0,6.0,85.0
2014-05-07,1851.75,1848.5,1835.5,1848.5,9.75,1851.75,0.0,85.0
2014-05-08,1850.0,1858.75,1844.75,1847.5,1.75,1850.0,0.0,85.0
2014-05-09,1851.0,1851.0,1842.5,1849.5,1.0,1851.0,0.0,85.0
2014-05-12,1865.0,1866.75,1865.0,1866.75,19.5,1870.5,1.0,85.0
2014-05-13,1872.0,1873.75,1872.0,1872.0,1.5,1872.0,0.0,86.0
2014-05-14,1874.75,1874.75,1863.25,1863.25,9.0,1863.0,7.0,86.0
2014-05-15,1845.0,1864.0,1840.75,1844.5,18.0,1845.0,0.0,86.0
2014-05-16,1852.25,1851.75,1840.75,1851.75,7.25,1852.25,0.0,86.0
2014-05-19,1843.25,1856.0,1842.25,1856.0,7.75,1860.0,5.0,86.0
2014-05-20,1856.0,1856.0,1843.75,1846.5,14.25,1845.75,1.0,86.0
2014-05-21,1860.5,1861.0,1860.5,1861.0,16.75,1862.5,8.0,86.0
2014-05-22,1867.75,1868.0,1867.75,1868.0,5.25,1867.75,0.0,87.0
2014-05-23,1867.25,1869.5,1867.25,1869.5,6.5,1874.25,2.0,87.0
2014-05-27,1877.5,1886.75,1877.5,1885.5,12.5,1886.75,11.0,87.0
2014-05-28,1886.5,1887.5,1886.5,1887.0,0.25,1886.5,0.0,94.0
2014-05-29,1890.0,1895.0,1886.25,1895.0,8.75,1895.25,4.0,99.0
2014-05-30,1899.25,1899.25,1894.0,1899.25,3.75,1899.0,1.0,100.0
2014-06-02,1890.75,1898.25,1890.75,1898.0,0.25,1899.25,4.0,101.0
2014-06-03,1898.75,1899.25,1895.0,1899.0,0.25,1899.5,1.0,101.0
2014-06-04,1903.0,1903.25,1894.5,1903.25,3.5,1903.0,0.0,101.0
2014-06-05,1904.5,1917.5,1899.5,1916.25,13.0,1916.0,8.0,101.0
2014-06-06,1917.25,1926.0,1917.25,1926.0,10.75,1926.75,14.0,105.0
2014-06-09,1927.5,1931.5,1924.0,1927.5,1.0,1927.75,5.0,110.0
2014-06-10,1927.0,1927.0,1921.75,1927.5,0.25,1928.0,1.0,113.0
2014-06-11,1921.25,1922.25,1917.25,1920.75,6.5,1921.5,4.0,112.0
2014-06-12,1923.75,1924.5,1903.5,1909.0,13.5,1908.0,21.0,112.0
2014-06-13,1910.75,1913.75,1904.75,1910.75,5.25,1913.25,3.0,104.0
2014-06-16,1916.5,1917.25,1904.75,1914.0,0.75,1914.0,1.0,106.0
2014-06-17,1915.5,1919.5,1909.5,1918.75,4.5,1918.5,1.0,106.0
2014-06-18,1919.25,1934.0,1916.25,1933.75,15.5,1934.0,46.0,108.0
2014-06-19,1934.5,1936.25,1929.5,1935.0,1.0,1935.0,79.0,122.0
2014-06-20,1938.75,1932.0,1934.0,1932.0,3.0,1931.75,0.0,8.0
2014-06-23,1931.5,1936.75,1931.0,1931.0,0.25,1931.5,0.0,8.0
2014-06-24,1921.75,1936.0,1920.25,1920.25,9.75,1921.75,0.0,8.0
2014-06-25,1925.0,1929.5,1918.0,1929.5,6.25,1928.0,5.0,8.0
2014-06-26,1927.0,1927.0,1918.25,1925.0,1.0,1927.0,0.0,8.0
2014-06-27,1930.25,1929.25,1924.0,1929.25,3.25,1930.25,0.0,8.0
2014-06-30,1930.5,1931.5,1929.5,1931.5,0.25,1930.5,0.0,8.0
2014-07-01,1950.0,1950.0,1950.0,1947.75,13.5,1944.0,2.0,8.0
2014-07-02,1948.25,1948.25,1947.75,1946.5,1.75,1945.75,5.0,10.0
2014-07-03,1957.5,1958.0,1957.5,1957.25,9.75,1955.5,3.0,14.0
2014-07-07,1955.0,1955.0,1947.5,1948.25,6.5,1949.0,3.0,17.0
2014-07-08,1945.0,1948.0,1932.5,1937.0,10.5,1938.5,2.0,18.0
2014-07-09,1941.0,1944.5,1938.0,1944.5,6.75,1945.25,6.0,19.0
2014-07-10,1931.75,1931.75,1925.25,1936.75,9.25,1936.0,1.0,19.0
2014-07-11,1937.0,1940.0,1934.25,1939.75,4.5,1940.5,1.0,19.0
2014-07-14,1950.25,1950.25,1950.25,1949.75,8.5,1949.0,1.0,29.0
2014-07-15,1945.75,1952.5,1938.5,1945.75,3.25,1945.75,0.0,28.0
2014-07-16,1948.5,1953.5,1945.5,1953.5,6.75,1952.5,7.0,28.0
2014-07-17,1947.25,1947.5,1928.75,1931.25,21.0,1931.5,2.0,29.0
2014-07-18,1931.0,1945.0,1927.5,1945.0,18.0,1949.5,4.0,30.0
2014-07-21,1944.0,1944.0,1939.25,1945.25,5.5,1944.0,0.0,30.0
2014-07-22,1952.75,1957.0,1952.75,1954.5,8.75,1952.75,2.0,30.0
2014-07-23,1957.75,1959.5,1952.75,1959.25,5.75,1958.5,2.0,32.0
2014-07-24,1958.75,1962.75,1956.5,1959.75,0.25,1958.75,0.0,34.0
2014-07-25,1957.25,1957.25,1945.5,1949.75,9.25,1949.5,7.0,34.0
2014-07-28,1945.0,1952.0,1942.5,1952.0,1.25,1950.75,1.0,31.0
2014-07-29,1941.0,1955.25,1943.5,1943.5,9.75,1941.0,0.0,32.0
2014-07-30,1951.25,1951.25,1939.0,1942.75,2.0,1943.0,1.0,32.0
2014-07-31,1925.0,1925.0,1905.0,1905.0,40.25,1902.75,7.0,42.0
2014-08-01,1895.0,1905.75,1890.25,1901.75,6.25,1896.5,20.0,44.0
2014-08-04,1902.5,1913.25,1896.25,1912.75,13.5,1910.0,2.0,53.0
2014-08-05,1910.0,1910.0,1888.0,1893.0,19.0,1891.0,8.0,54.0
2014-08-06,1885.75,1900.0,1884.25,1894.0,1.75,1892.75,8.0,55.0
2014-08-07,1889.25,1901.25,1880.0,1882.5,9.5,1883.25,5.0,59.0
2014-08-08,1873.0,1906.25,1871.5,1903.5,18.5,1901.75,7.0,59.0
2014-08-11,1910.5,1916.5,1910.5,1912.75,8.75,1910.5,0.0,62.0
2014-08-12,1909.75,1914.25,1903.75,1908.75,2.25,1908.25,10.0,62.0
2014-08-13,1924.0,1924.0,1924.0,1923.25,14.25,1922.5,1.0,63.0
2014-08-14,1926.0,1930.5,1922.25,1930.5,9.0,1931.5,2.0,65.0
2014-08-15,1935.0,1938.0,1919.0,1930.75,1.25,1930.25,5.0,65.0
2014-08-18,1945.0,1945.5,1945.0,1945.5,15.25,1945.5,4.0,69.0
2014-08-19,1950.0,1955.75,1950.0,1955.75,9.5,1955.0,2.0,69.0
2014-08-20,1958.0,1962.5,1953.75,1962.0,5.75,1960.75,7.0,70.0
2014-08-21,1961.0,1968.25,1960.0,1967.25,6.5,1967.25,7.0,74.0
2014-08-22,1967.75,1968.75,1962.0,1963.75,1.75,1965.5,4.0,74.0
2014-08-25,1973.75,1976.0,1973.75,1973.0,7.0,1972.5,4.0,73.0
2014-08-26,1976.5,1978.25,1971.0,1975.75,3.75,1976.25,2.0,74.0
2014-08-27,1976.0,1976.0,1974.0,1974.0,1.5,1974.75,1.0,75.0
2014-08-28,1970.0,1975.0,1968.25,1971.25,0.5,1974.25,4.0,75.0
2014-08-29,1980.0,1980.0,1971.5,1976.0,4.75,1979.0,10.0,75.0
2014-09-02,1975.0,1982.75,1972.75,1974.75,1.5,1977.5,1.0,75.0
2014-09-03,1986.0,1986.0,1975.75,1977.0,1.25,1976.25,6.0,75.0
2014-09-04,1988.25,1988.25,1971.0,1973.25,1.0,1975.25,5.0,79.0
2014-09-05,1967.5,1984.0,1967.0,1984.0,8.25,1983.5,14.0,79.0
2014-09-08,1980.0,1981.25,1972.5,1978.0,5.25,1978.25,5.0,72.0
2014-09-09,1970.75,1979.25,1961.25,1966.75,11.0,1967.25,14.0,70.0
2014-09-10,1964.5,1973.25,1960.25,1972.5,5.25,1972.5,4.0,71.0
2014-09-11,1971.5,1974.5,1963.75,1974.5,2.0,1974.5,9.0,71.0
2014-09-12,1968.25,1975.25,1957.5,1962.0,12.25,1962.25,9.0,71.0
2014-09-15,1951.25,1962.0,1951.25,1961.0,0.75,1961.5,13.0,72.0
2014-09-16,1962.5,1979.0,1956.75,1977.25,15.5,1977.0,5.0,73.0
2014-09-17,1976.75,1987.5,1971.5,1979.5,2.0,1979.0,210.0,72.0
2014-09-18,1984.0,1991.0,1984.0,1991.0,10.75,1989.75,18.0,229.0
2014-09-19,1985.0,1988.0,1981.25,1982.0,1.0,1982.25,1.0,23.0
2014-09-22,1964.75,1964.75,1964.0,1964.5,17.5,1964.75,0.0,22.0
2014-09-23,1960.0,1960.0,1951.5,1951.5,14.0,1950.75,5.0,22.0
2014-09-24,1959.0,1966.75,1950.0,1966.75,18.5,1969.25,7.0,22.0
2014-09-25,1965.0,1965.0,1942.0,1942.0,29.5,1939.75,6.0,24.0
2014-09-26,1940.0,1947.75,1938.0,1947.75,14.25,1954.0,24.0,26.0
2014-09-29,1945.25,1950.0,1937.75,1949.5,6.5,1947.5,170.0,64.0
2014-09-30,1953.0,1955.0,1943.25,1944.25,3.75,1943.75,13.0,191.0
2014-10-01,1930.0,1934.0,1916.0,1918.0,24.75,1919.0,4.0,206.0
2014-10-02,1921.5,1921.5,1902.5,1919.0,2.0,1917.0,24.0,203.0
2014-10-03,1925.0,1937.75,1925.0,1937.75,21.75,1938.75,6.0,204.0
2014-10-06,1949.0,1949.0,1930.0,1936.5,4.25,1934.5,4.0,206.0
2014-10-07,1931.75,1931.75,1909.75,1909.75,28.25,1906.25,6.0,205.0
2014-10-08,1924.5,1937.0,1903.25,1937.0,33.75,1940.0,6.0,206.0
2014-10-09,1945.0,1945.0,1902.5,1902.5,37.0,1903.0,19.0,207.0
2014-10-10,1872.25,1872.25,1878.5,1878.5,30.75,1872.25,0.0,213.0
2014-10-13,1876.0,1880.25,1851.5,1851.5,28.75,1843.5,88.0,276.0
2014-10-14,1855.25,1866.5,1855.25,1851.75,9.25,1852.75,2.0,689.0
2014-10-15,1835.0,1853.75,1795.75,1826.5,28.25,1824.5,34.0,501.0
2014-10-16,1838.75,1843.0,1798.75,1830.75,3.75,1828.25,18.0,482.0
2014-10-17,1850.0,1865.5,1850.0,1858.25,30.25,1858.5,2.0,482.0
2014-10-20,1867.0,1875.25,1854.5,1875.25,19.0,1877.5,3.0,480.0
2014-10-21,1914.0,1914.0,1867.75,1913.75,38.0,1915.5,3.0,481.0
2014-10-22,1902.5,1916.5,1905.25,1905.5,13.0,1902.5,0.0,481.0
2014-10-23,1917.5,1929.0,1908.0,1923.75,21.0,1923.5,44.0,481.0
2014-10-24,1937.25,1931.0,1916.5,1931.0,13.75,1937.25,0.0,525.0
2014-10-27,1934.5,1940.5,1927.0,1931.5,2.75,1934.5,0.0,481.0
2014-10-28,1942.0,1953.0,1942.0,1953.0,23.0,1957.5,5.0,481.0
2014-10-29,1949.75,1960.5,1945.5,1953.0,7.75,1949.75,0.0,481.0
2014-10-30,1936.0,1968.5,1936.0,1963.75,16.5,1966.25,28.0,456.0
2014-10-31,1980.0,1991.75,1980.0,1985.75,22.75,1989.0,1.0,458.0
2014-11-03,1985.0,1998.75,1985.0,1990.25,0.25,1988.75,4.0,458.0
2014-11-04,1983.25,1983.25,1977.5,1982.5,5.5,1983.25,0.0,457.0
2014-11-05,1996.5,1994.0,1996.5,1993.25,13.25,1996.5,0.0,457.0
2014-11-06,2009.25,2009.25,1993.75,2008.5,9.25,2005.75,10.0,455.0
2014-11-07,2003.5,2006.5,2003.25,2004.5,2.25,2003.5,0.0,455.0
2014-11-10,2011.5,2011.5,2011.5,2011.5,8.25,2011.75,2.0,455.0
2014-11-11,2014.5,2012.5,2014.5,2012.5,2.75,2014.5,0.0,441.0
2014-11-12,2014.0,2014.0,2010.0,2011.5,0.5,2014.0,0.0,441.0
2014-11-13,2020.5,2020.5,2009.0,2012.0,2.0,2012.0,2.0,448.0
2014-11-14,2015.0,2019.25,2013.25,2013.25,4.25,2016.25,29.0,449.0
2014-11-17,2013.0,2014.5,2010.0,2014.5,1.75,2018.0,4.0,449.0
2014-11-18,2026.0,2028.75,2026.0,2028.75,9.0,2027.0,1.0,447.0
2014-11-19,2025.0,2025.0,2021.25,2024.0,1.5,2025.5,2.0,447.0
2014-11-20,2028.0,2028.0,2017.5,2028.0,5.25,2030.75,1.0,449.0
2014-11-21,2046.75,2049.5,2044.75,2038.25,9.75,2040.5,4.0,450.0
2014-11-24,2046.25,2046.0,2046.25,2046.0,5.75,2046.25,0.0,449.0
2014-11-25,2046.5,2049.0,2046.5,2047.5,0.25,2046.5,0.0,449.0
2014-11-26,2051.0,2047.25,2051.0,2047.25,4.5,2051.0,0.0,449.0
2014-11-28,2045.25,2045.25,2045.25,2045.25,5.75,2045.25,0.0,449.0
2014-12-01,2036.25,2038.0,2028.0,2032.75,15.75,2029.5,37.0,449.0
2014-12-02,2040.0,2044.25,2040.0,2044.25,15.0,2044.5,2.0,616.0
2014-12-03,2048.0,2050.25,2048.0,2050.25,6.75,2051.25,1.0,616.0
2014-12-04,2054.0,2056.0,2043.75,2050.0,0.75,2050.5,20.0,616.0
2014-12-05,2055.0,2056.5,2049.5,2053.0,4.5,2055.0,166.0,617.0
2014-12-08,2044.0,2055.25,2034.25,2038.5,16.75,2038.25,3.0,589.0
2014-12-09,2032.0,2040.0,2014.25,2037.25,1.75,2036.5,9.0,536.0
2014-12-10,2035.0,2038.0,2003.75,2005.0,31.0,2005.5,6.0,533.0
2014-12-11,2032.75,2033.25,2003.75,2007.0,4.5,2010.0,37.0,537.0
2014-12-12,2007.25,2010.25,1978.0,1978.25,33.5,1976.5,6.0,561.0
2014-12-15,1986.0,1996.0,1963.5,1969.25,7.25,1969.25,3.0,563.0
2014-12-16,1986.0,1994.75,1952.0,1952.0,18.25,1951.0,3.0,565.0
2014-12-17,1964.0,1995.75,1959.25,1993.5,43.25,1994.25,92.0,566.0
2014-12-18,2001.0,2045.25,1991.25,2045.25,51.75,2046.0,23.0,567.0
2014-12-19,2048.5,2050.25,2039.25,2050.25,7.25,2047.5,15.0,136.0
2014-12-22,2050.5,2050.5,2050.5,2050.5,5.25,2052.75,2.0,136.0
2014-12-23,2059.5,2062.25,2059.5,2061.75,6.75,2059.5,0.0,136.0
2014-12-24,2059.5,2059.5,2059.5,2059.5,,2059.5,0.0,136.0
2014-12-26,2065.0,2062.75,2065.0,2062.75,5.5,2065.0,0.0,136.0
2014-12-29,2066.5,2066.5,2061.0,2065.0,1.5,2066.5,0.0,136.0
2014-12-30,2062.5,2062.5,2055.25,2057.75,9.0,2057.5,10.0,136.0
2014-12-31,2051.0,2059.25,2038.5,2038.5,24.25,2033.25,1.0,131.0
2015-01-02,2038.75,2044.5,2025.0,2025.5,6.25,2027.0,12.0,131.0
2015-01-05,2020.0,2020.0,1992.75,1995.75,30.5,1996.5,19.0,142.0
2015-01-06,2000.75,2000.75,1970.0,1977.0,21.5,1975.0,22.0,150.0
2015-01-07,1977.5,2001.0,1977.5,1997.75,25.5,2000.5,152.0,152.0
2015-01-08,2012.5,2035.75,2012.5,2035.75,35.0,2035.5,12.0,693.0
2015-01-09,2036.0,2039.0,2013.75,2019.0,19.75,2015.75,33.0,692.0
2015-01-12,2000.25,2025.0,1998.5,2001.5,13.0,2002.75,2.0,699.0
2015-01-13,2003.5,2029.0,1985.5,1998.0,6.25,1996.5,17.0,700.0
2015-01-14,1990.0,1991.0,1967.5,1985.5,8.75,1987.75,69.0,700.0
2015-01-15,2000.0,2004.5,1964.5,1964.5,19.25,1968.5,56.0,688.0
2015-01-16,1957.75,1987.75,1952.5,1987.75,23.25,1991.75,5.0,700.0
2015-01-20,1990.5,2002.5,1980.0,1993.5,3.75,1995.5,88.0,704.0
2015-01-21,2002.25,2009.75,1987.75,2002.75,9.75,2005.25,10.0,714.0
2015-01-22,2010.0,2034.75,2004.0,2034.75,29.75,2035.0,27.0,704.0
2015-01-23,2036.0,2038.25,2023.5,2023.5,12.5,2022.5,20.0,688.0
2015-01-26,2011.5,2031.0,2008.5,2031.0,9.75,2032.25,47.0,1260.0
2015-01-27,2024.0,2024.0,1993.25,2014.25,23.5,2008.75,42.0,1259.0
2015-01-28,2015.0,2022.5,1971.75,1971.75,38.5,1970.25,13.0,1266.0
2015-01-29,1971.0,1996.0,1962.0,1996.25,26.75,1997.0,12.0,1276.0
2015-01-30,1980.0,1985.0,1966.75,1968.25,30.0,1967.0,13.0,1272.0
2015-02-02,1967.0,1993.0,1954.25,1993.0,28.5,1995.5,91.0,1275.0
2015-02-03,2009.0,2021.0,1990.75,2020.25,25.0,2020.5,31.0,1257.0
2015-02-04,2015.0,2025.5,2004.75,2004.75,12.0,2008.5,170.0,1257.0
2015-02-05,2016.0,2036.25,2003.25,2034.25,25.25,2033.75,19.0,1278.0
2015-02-06,2034.0,2045.0,2025.75,2032.5,2.0,2031.75,97.0,1272.0
2015-02-09,2020.0,2020.0,2020.0,2020.0,10.5,2021.25,6.0,1291.0
2015-02-10,2034.0,2042.25,2031.0,2042.25,20.0,2041.25,25.0,1295.0
2015-02-11,2040.0,2053.75,2033.75,2053.75,3.75,2045.0,23.0,1501.0
2015-02-12,2050.25,2063.25,2042.5,2063.25,18.25,2063.25,49.0,1503.0
2015-02-13,2067.5,2069.5,2067.5,2068.0,9.5,2072.75,1.0,1526.0
2015-02-17,2071.5,2077.0,2064.5,2076.25,2.25,2075.0,247.0,1526.0
2015-02-18,2075.75,2075.75,2071.0,2075.0,0.5,2074.5,28.0,1943.0
2015-02-19,2074.5,2077.0,2070.0,2075.0,,2074.5,0.0,1943.0
2015-02-20,2065.5,2086.25,2064.5,2086.0,12.0,2086.5,9.0,1943.0
2015-02-23,2083.0,2083.0,2081.5,2085.75,0.5,2086.0,1.0,1941.0
2015-02-24,2088.0,2093.5,2088.0,2093.5,7.0,2093.0,5.0,1941.0
2015-02-25,2089.5,2094.5,2090.0,2090.0,3.5,2089.5,0.0,1942.0
2015-02-26,2089.0,2091.25,2083.25,2088.0,0.5,2089.0,0.0,1942.0
2015-02-27,2083.5,2083.5,2082.75,2082.75,7.0,2082.0,1.0,1942.0
2015-03-02,2091.75,2093.0,2091.75,2093.0,11.25,2093.25,1.0,1942.0
2015-03-03,2090.5,2090.5,2077.5,2084.75,9.25,2084.0,2.0,1942.0
2015-03-04,2072.25,2072.25,2067.25,2076.5,8.5,2075.5,1.0,1941.0
2015-03-05,2075.5,2081.0,2075.25,2079.0,3.25,2078.75,1.0,1941.0
2015-03-06,2076.0,2080.5,2046.25,2049.0,29.0,2049.75,10.0,1941.0
2015-03-09,2052.0,2060.0,2048.75,2060.0,7.0,2056.75,6.0,1945.0
2015-03-10,2049.5,2049.5,2025.75,2027.5,35.75,2021.0,22.0,1944.0
2015-03-11,2026.5,2029.0,2019.25,2019.5,2.25,2018.75,8.0,1951.0
2015-03-12,2030.0,2043.0,2030.0,2043.0,24.5,2043.25,160.0,1954.0
2015-03-13,2042.0,2046.75,2020.25,2029.0,14.25,2029.0,27.0,2030.0
2015-03-16,2045.0,2060.25,2024.75,2055.5,26.5,2055.5,41.0,2048.0
2015-03-17,2053.5,2057.75,2044.0,2053.75,2.25,2053.25,60.0,2046.0
2015-03-18,2044.0,2085.5,2041.5,2079.5,26.0,2079.25,69.0,2050.0
2015-03-19,2081.0,2084.75,2064.75,2067.25,11.0,2068.25,60.0,2045.0
2015-03-20,2088.25,2088.25,2086.0,2081.5,17.5,2080.5,2.0,144.0
2015-03-23,2083.25,2086.75,2077.75,2078.75,4.5,2076.0,2.0,144.0
2015-03-24,2075.75,2080.75,2066.5,2066.5,10.0,2066.0,2.0,144.0
2015-03-25,2050.0,2068.75,2035.75,2035.75,31.25,2034.75,4.0,143.0
2015-03-26,2020.0,2037.5,2019.5,2029.75,5.25,2029.5,16.0,123.0
2015-03-27,2030.25,2037.0,2028.0,2033.25,4.25,2033.75,1.0,131.0
2015-03-30,2053.5,2060.25,2031.75,2058.5,23.0,2056.75,54.0,181.0
2015-03-31,2048.75,2048.75,2039.75,2039.75,14.75,2042.0,116.0,181.0
2015-04-01,2020.0,2032.0,2018.5,2034.25,8.0,2034.0,3.0,280.0
2015-04-02,2040.5,2043.25,2028.5,2040.75,6.5,2040.5,0.0,282.0
2015-04-06,2046.5,2058.75,2023.25,2054.25,13.5,2054.0,1.0,282.0
2015-04-07,2057.5,2061.75,2049.0,2049.0,5.5,2048.5,5.0,289.0
2015-04-08,2058.0,2059.0,2048.25,2055.25,8.25,2056.75,2.0,290.0
2015-04-09,2066.5,2065.75,2049.25,2065.5,9.75,2066.5,0.0,290.0
2015-04-10,2073.0,2076.5,2073.0,2074.75,9.75,2076.25,7.0,290.0
2015-04-13,2069.75,2080.25,2066.75,2066.75,9.0,2067.25,5.0,290.0
2015-04-14,2067.0,2072.0,2058.5,2071.0,4.25,2071.5,1.0,292.0
2015-04-15,2086.0,2086.0,2069.25,2081.5,9.0,2080.5,1.0,293.0
2015-04-16,2078.0,2084.0,2072.0,2080.5,1.0,2081.5,31.0,293.0
2015-04-17,2054.75,2057.0,2046.75,2055.0,25.25,2056.25,3.0,293.0
2015-04-20,2074.0,2076.25,2072.5,2073.25,15.25,2071.5,2.0,292.0
2015-04-21,2082.5,2084.25,2069.75,2071.75,,2071.5,3.0,393.0
2015-04-22,2072.5,2082.5,2064.5,2081.25,9.25,2080.75,2.0,393.0
2015-04-23,2085.5,2093.25,2073.25,2088.5,6.5,2087.25,4.0,393.0
2015-04-24,2091.25,2092.25,2091.25,2092.25,4.75,2092.0,12.0,394.0
2015-04-27,2098.5,2098.5,2084.5,2085.0,7.0,2085.0,3.0,400.0
2015-04-28,2082.75,2091.25,2070.5,2091.25,7.25,2092.25,7.0,400.0
2015-04-29,2084.25,2084.25,2073.0,2080.0,13.0,2079.25,1.0,406.0
2015-04-30,2069.25,2069.25,2052.75,2062.0,20.0,2059.25,2.0,416.0
2015-05-01,2063.0,2080.75,2063.0,2080.75,22.75,2082.0,1.0,415.0
2015-05-04,2090.75,2093.5,2081.75,2090.5,8.0,2090.0,1.0,416.0
2015-05-05,2068.0,2068.0,2064.25,2065.0,25.5,2064.5,1.0,415.0
2015-05-06,2052.75,2073.25,2044.0,2052.75,10.0,2054.5,8.0,415.0
2015-05-07,2047.0,2063.0,2041.25,2063.0,10.0,2064.5,13.0,415.0
2015-05-08,2089.5,2092.0,2089.5,2092.0,24.25,2088.75,6.0,416.0
2015-05-11,2089.25,2092.5,2078.5,2078.5,11.0,2077.75,128.0,417.0
2015-05-12,2060.0,2079.75,2060.0,2075.0,3.0,2074.75,8.0,523.0
2015-05-13,2082.0,2085.25,2073.0,2073.75,0.5,2074.25,11.0,648.0
2015-05-14,2074.75,2096.5,2073.75,2096.5,23.25,2097.5,46.0,659.0
2015-05-15,2098.75,2100.75,2096.0,2096.75,1.25,2098.75,0.0,661.0
2015-05-18,2105.75,2106.5,2094.5,2105.75,7.0,2105.75,0.0,661.0
2015-05-19,2104.25,2109.75,2103.5,2103.5,1.5,2104.25,0.0,661.0
2015-05-20,2103.5,2106.0,2099.75,2103.0,2.0,2102.25,1.0,661.0
2015-05-21,2097.5,2108.75,2095.5,2108.25,5.5,2107.75,1.0,662.0
2015-05-22,2104.25,2109.25,2103.75,2106.0,3.5,2104.25,0.0,662.0
2015-05-26,2100.0,2102.25,2077.0,2083.0,19.75,2084.5,9.0,662.0
2015-05-27,2092.0,2102.75,2082.0,2100.0,16.0,2100.5,4.0,665.0
2015-05-28,2091.5,2091.75,2090.75,2095.75,1.0,2101.5,5.0,665.0
2015-05-29,2094.25,2094.25,2083.0,2086.0,15.75,2085.75,4.0,666.0
2015-06-01,2088.75,2095.0,2081.25,2091.25,3.0,2088.75,0.0,666.0
2015-06-02,2074.0,2093.5,2074.0,2086.75,2.5,2086.25,4.0,665.0
2015-06-03,2096.0,2099.0,2096.0,2093.5,9.25,2095.5,9.0,723.0
2015-06-04,2085.0,2085.0,2070.5,2077.5,17.0,2078.5,11.0,723.0
2015-06-05,2078.0,2078.0,2067.75,2070.75,6.75,2071.75,54.0,724.0
2015-06-08,2070.0,2070.0,2057.75,2058.25,14.25,2057.5,15.0,725.0
2015-06-09,2058.0,2063.25,2046.0,2058.75,2.0,2059.5,8.0,732.0
2015-06-10,2060.0,2086.5,2060.0,2084.25,26.75,2086.25,10.0,733.0
2015-06-11,2084.0,2093.5,2084.0,2089.0,2.75,2089.0,22.0,732.0
2015-06-12,2077.0,2077.75,2070.5,2072.5,16.25,2072.75,9.0,723.0
2015-06-15,2061.5,2068.25,2052.0,2063.0,9.5,2063.25,43.0,725.0
2015-06-16,2061.0,2076.5,2052.0,2076.5,13.5,2076.75,592.0,757.0
2015-06-17,2079.25,2085.5,2069.25,2075.5,,2076.75,233.0,1256.0
2015-06-18,2073.75,2105.25,2070.0,2101.0,25.5,2102.25,79.0,1377.0
2015-06-19,2098.25,2098.25,2082.75,2082.75,17.0,2080.5,3.0,148.0
2015-06-22,2098.5,2102.75,2098.5,2096.5,15.0,2095.5,7.0,148.0
2015-06-23,2099.0,2100.5,2099.0,2097.75,3.5,2099.0,0.0,147.0
2015-06-24,2090.0,2090.0,2084.0,2084.0,17.0,2082.0,2.0,147.0
2015-06-25,2079.0,2090.5,2075.0,2075.25,5.5,2076.5,5.0,149.0
2015-06-26,2075.0,2080.5,2072.5,2075.25,1.75,2078.25,1.0,152.0
2015-06-29,2045.0,2061.75,2032.75,2036.5,45.5,2032.75,10.0,153.0
2015-06-30,2037.0,2046.25,2031.0,2035.25,3.75,2036.5,2.0,159.0
2015-07-01,2054.5,2055.0,2043.0,2049.0,16.75,2053.25,7.0,161.0
2015-07-02,2061.0,2061.0,2047.0,2048.5,2.25,2051.0,3.0,162.0
2015-07-06,2021.0,2049.0,2021.0,2047.5,4.25,2046.75,9.0,176.0
2015-07-07,2050.75,2058.0,2017.25,2053.0,8.75,2055.5,47.0,178.0
2015-07-08,2030.25,2030.25,2019.75,2020.0,34.5,2021.0,2.0,223.0
2015-07-09,2040.25,2044.5,2020.0,2021.5,2.0,2023.0,4.0,224.0
2015-07-10,2044.0,2051.25,2044.0,2051.25,28.0,2051.0,1.0,223.0
2015-07-13,2061.75,2072.75,2040.75,2072.75,25.25,2076.25,8.0,223.0
2015-07-14,2071.75,2085.0,2071.75,2083.25,7.75,2084.0,3.0,224.0
2015-07-15,2085.0,2087.75,2079.0,2082.75,2.25,2086.25,1.0,225.0
2015-07-16,2095.25,2098.25,2085.5,2097.5,12.5,2098.75,11.0,225.0
2015-07-17,2096.75,2099.75,2094.75,2095.25,1.75,2100.5,2.0,231.0
2015-07-20,2104.75,2105.0,2104.75,2105.0,3.25,2103.75,2.0,230.0
2015-07-21,2096.25,2105.0,2092.0,2092.0,7.5,2096.25,0.0,229.0
2015-07-22,2089.75,2089.75,2085.75,2087.0,6.5,2089.75,0.0,229.0
2015-07-23,2080.0,2093.0,2074.5,2077.5,9.5,2080.25,4.0,229.0
2015-07-24,2062.75,2083.25,2053.75,2053.75,20.75,2059.5,1.0,229.0
2015-07-27,2059.75,2060.0,2039.0,2044.5,13.25,2046.25,2.0,229.0
2015-07-28,2049.25,2069.75,2045.25,2069.75,22.75,2069.0,2.0,229.0
2015-07-29,2083.25,2083.25,2066.75,2082.5,14.25,2083.25,0.0,229.0
2015-07-30,2077.5,2083.5,2071.0,2083.25,2.25,2085.5,3.0,232.0
2015-07-31,2089.5,2089.5,2078.25,2080.25,5.5,2080.0,6.0,232.0
2015-08-03,2067.75,2067.75,2063.5,2071.0,7.75,2072.25,4.0,232.0
2015-08-04,2073.0,2073.0,2065.0,2066.5,7.75,2064.5,8.0,236.0
2015-08-05,2068.25,2084.75,2068.25,2076.0,11.0,2075.5,4.0,236.0
2015-08-06,2060.0,2076.0,2053.5,2060.0,14.25,2061.25,16.0,236.0
2015-08-07,2062.0,2062.5,2044.0,2053.5,6.0,2055.25,17.0,236.0
2015-08-10,2060.25,2080.0,2054.25,2080.0,26.25,2081.5,16.0,238.0
2015-08-11,2053.0,2081.75,2053.0,2060.75,20.25,2061.25,10.0,223.0
2015-08-12,2044.0,2064.25,2030.25,2062.0,4.25,2065.5,27.0,233.0
2015-08-13,2067.0,2072.0,2055.75,2060.0,3.75,2061.75,20.0,248.0
2015-08-14,2066.0,2069.0,2056.75,2069.0,9.0,2070.75,2.0,248.0
2015-08-17,2071.5,2080.25,2057.0,2080.25,10.0,2080.75,23.0,247.0
2015-08-18,2083.0,2083.0,2072.5,2073.75,5.5,2075.25,13.0,257.0
2015-08-19,2057.5,2078.0,2050.0,2054.5,21.25,2054.0,6.0,247.0
2015-08-20,2047.0,2057.75,2008.75,2009.0,47.5,2006.5,72.0,247.0
2015-08-21,2008.0,2008.75,1950.0,1950.0,54.5,1952.0,55.0,248.0
2015-08-24,1940.0,1940.0,1820.0,1855.5,101.25,1850.75,119.0,268.0
2015-08-25,1886.5,1925.25,1844.0,1844.0,1.75,1852.5,10.0,292.0
2015-08-26,1858.5,1917.5,1838.5,1916.75,64.75,1917.25,24.0,294.0
2015-08-27,1934.0,1965.0,1930.0,1965.0,50.75,1968.0,33.0,291.0
2015-08-28,1960.0,1964.0,1948.5,1965.0,0.25,1968.25,19.0,292.0
2015-08-31,1945.5,1949.5,1942.25,1942.25,20.25,1948.0,72.0,288.0
2015-09-01,1910.0,1910.0,1880.25,1894.25,53.5,1894.5,16.0,229.0
2015-09-02,1901.75,1923.75,1898.0,1923.75,31.0,1925.5,5.0,232.0
2015-09-03,1943.0,1947.0,1925.25,1928.5,1.0,1924.5,5.0,230.0
2015-09-04,1910.0,1916.0,1888.0,1900.0,24.5,1900.0,30.0,230.0
2015-09-08,1917.5,1945.75,1907.5,1943.5,44.0,1944.0,40.0,234.0
2015-09-09,1954.0,1967.75,1915.75,1918.5,23.5,1920.5,66.0,235.0
2015-09-10,1921.0,1942.5,1907.25,1925.75,6.25,1926.75,10.0,223.0
2015-09-11,1918.5,1938.0,1915.5,1937.5,10.25,1937.0,247.0,228.0
2015-09-14,1942.0,1949.25,1924.25,1930.5,6.25,1930.75,18.0,321.0
2015-09-15,1936.75,1958.75,1924.75,1955.25,25.75,1956.5,43.0,317.0
2015-09-16,1952.0,1973.75,1950.25,1973.25,18.0,1974.5,52.0,331.0
2015-09-17,1972.75,1998.0,1958.75,1963.0,10.75,1963.75,182.0,374.0
2015-09-18,1958.25,1960.0,1923.0,1929.25,27.5,1930.5,5.0,81.0
2015-09-21,1943.0,1945.5,1925.75,1940.25,12.5,1943.0,0.0,84.0
2015-09-22,1911.25,1911.25,1899.25,1910.5,31.75,1911.25,0.0,84.0
2015-09-23,1907.75,1917.0,1893.75,1907.25,3.5,1907.75,0.0,84.0
2015-09-24,1890.0,1911.5,1878.0,1897.75,10.25,1897.5,3.0,84.0
2015-09-25,1925.0,1925.0,1895.25,1897.75,0.5,1898.0,4.0,85.0
2015-09-28,1849.5,1903.75,1848.75,1852.0,47.25,1850.75,1.0,86.0
2015-09-29,1853.0,1864.75,1841.75,1852.0,2.25,1853.0,0.0,86.0
2015-09-30,1887.0,1885.75,1887.0,1882.25,34.0,1887.0,0.0,86.0
2015-10-01,1899.0,1902.25,1871.75,1889.75,8.25,1895.25,3.0,86.0
2015-10-02,1898.75,1916.5,1864.5,1916.5,26.0,1921.25,5.0,85.0
2015-10-05,1923.75,1956.0,1918.75,1954.25,31.5,1952.75,9.0,86.0
2015-10-06,1943.75,1956.25,1943.0,1946.75,6.0,1946.75,3.0,85.0
2015-10-07,1955.0,1967.25,1943.25,1967.25,18.75,1965.5,6.0,84.0
2015-10-08,1975.0,1986.75,1952.5,1985.5,19.5,1985.0,2.0,85.0
2015-10-09,1986.0,1988.25,1980.25,1981.0,1.0,1986.0,0.0,85.0
2015-10-12,1985.0,1985.0,1982.5,1985.25,3.5,1989.5,2.0,85.0
2015-10-13,1972.0,1990.25,1973.5,1973.5,17.5,1972.0,0.0,84.0
2015-10-14,1970.5,1976.5,1960.0,1963.0,10.0,1962.0,4.0,84.0
2015-10-15,1976.25,1995.75,1973.0,1995.75,35.0,1997.0,7.0,86.0
2015-10-16,2004.25,2004.25,1993.75,2000.25,6.5,2003.5,1.0,85.0
2015-10-19,2000.0,2003.25,1995.0,2003.25,1.75,2005.25,1.0,85.0
2015-10-20,2001.25,2006.75,1999.0,2000.75,6.5,1998.75,2.0,85.0
2015-10-21,1986.75,2007.0,1988.0,1988.0,12.0,1986.75,0.0,85.0
2015-10-22,2008.75,2029.75,2008.75,2029.75,44.5,2031.25,213.0,85.0
2015-10-23,2050.0,2050.0,2050.0,2047.0,13.0,2044.25,1.0,61.0
2015-10-26,2040.5,2040.5,2040.25,2042.0,3.75,2040.5,0.0,53.0
2015-10-27,2031.25,2031.25,2031.25,2037.0,1.75,2038.75,1.0,53.0
2015-10-28,2053.0,2059.75,2051.0,2059.75,24.25,2063.0,10.0,53.0
2015-10-29,2061.5,2061.5,2055.5,2060.75,1.5,2061.5,0.0,55.0
2015-10-30,2055.0,2068.5,2055.0,2055.5,9.0,2052.5,6.0,41.0
2015-11-02,2060.25,2076.25,2046.75,2075.25,21.75,2074.25,6.0,43.0
2015-11-03,2069.0,2085.75,2069.0,2084.75,7.75,2082.0,1.0,44.0
2015-11-04,2074.0,2086.5,2072.0,2074.5,8.0,2074.0,0.0,44.0
2015-11-05,2076.5,2080.75,2065.25,2074.5,0.5,2073.5,6.0,44.0
2015-11-06,2061.0,2074.5,2060.0,2072.75,,2073.5,5.0,42.0
2015-11-09,2063.75,2063.75,2044.75,2054.75,21.0,2052.5,2.0,37.0
2015-11-10,2054.5,2057.25,2048.0,2057.25,5.5,2058.0,1.0,36.0
2015-11-11,2049.5,2064.5,2050.5,2050.5,8.5,2049.5,0.0,35.0
2015-11-12,2039.25,2050.5,2022.75,2022.75,28.75,2020.75,1.0,35.0
2015-11-13,2020.75,2025.0,1998.5,1998.5,22.0,1998.75,7.0,36.0
2015-11-16,1997.75,2027.75,1995.75,2027.75,29.25,2028.0,6.0,38.0
2015-11-17,2040.0,2040.5,2024.25,2027.75,1.0,2029.0,1.0,36.0
2015-11-18,2054.25,2059.75,2027.75,2059.75,30.75,2059.75,1.0,35.0
2015-11-19,2062.5,2065.0,2057.25,2059.25,0.25,2059.5,2.0,34.0
2015-11-20,2065.0,2072.5,2065.0,2066.0,9.5,2069.0,1.0,34.0
2015-11-23,2060.0,2071.25,2060.0,2063.25,4.5,2064.5,10.0,34.0
2015-11-24,2070.0,2070.5,2051.0,2066.25,0.5,2065.0,10.0,44.0
2015-11-25,2068.5,2065.75,2068.5,2065.75,3.5,2068.5,0.0,44.0
2015-11-27,2070.25,2070.25,2068.25,2068.25,1.75,2070.25,0.0,44.0
2015-11-30,2059.5,2073.5,2058.75,2061.75,10.25,2060.0,17.0,44.0
2015-12-01,2062.5,2079.25,2062.5,2079.25,20.0,2080.0,250.0,41.0
2015-12-02,2079.25,2082.25,2057.5,2060.25,18.25,2061.75,12.0,179.0
2015-12-03,2051.0,2070.5,2023.0,2030.75,30.5,2031.25,14.0,179.0
2015-12-04,2037.0,2070.25,2029.0,2068.0,37.25,2068.5,10.0,180.0
2015-12-07,2051.0,2069.5,2046.75,2058.75,7.5,2061.0,9.0,181.0
2015-12-08,2056.0,2057.0,2031.5,2039.5,22.75,2038.25,6.0,181.0
2015-12-09,2033.25,2057.0,2013.75,2024.0,17.0,2021.25,125.0,178.0
2015-12-10,2020.75,2045.0,2020.75,2028.75,6.75,2028.0,38.0,188.0
2015-12-11,2010.0,2032.5,1986.75,1987.5,39.75,1988.25,105.0,207.0
2015-12-14,1990.0,2005.5,1971.25,1998.5,8.25,1996.5,42.0,191.0
2015-12-15,2003.5,2031.5,1998.0,2024.25,27.25,2023.75,494.0,192.0
2015-12-16,2025.0,2051.5,2023.25,2047.75,26.75,2050.5,153.0,82.0
2015-12-17,2045.0,2058.5,2012.0,2012.0,38.75,2011.75,115.0,168.0
2015-12-18,1995.0,1995.0,1987.75,1987.75,33.0,1973.0,1.0,14.0
2015-12-21,1983.25,2000.0,1978.5,2000.0,23.25,1996.25,18.0,14.0
2015-12-22,1996.25,2014.25,1987.0,2008.75,21.0,2017.25,25.0,25.0
2015-12-23,2019.75,2034.25,2016.25,2034.25,17.25,2034.5,3.0,34.0
2015-12-24,2039.0,2040.0,2037.5,2037.5,1.75,2032.75,2.0,35.0
2015-12-28,2030.5,2030.5,2020.25,2031.5,2.25,2030.5,0.0,35.0
2015-12-29,2050.0,2055.0,2049.0,2054.75,24.0,2054.5,18.0,35.0
2015-12-30,2050.0,2050.0,2038.0,2038.0,18.0,2036.5,4.0,51.0
2015-12-31,2038.0,2038.0,2018.75,2018.75,19.5,2017.0,9.0,49.0
2016-01-04,2016.5,2019.25,1967.0,1986.0,26.5,1990.5,14.0,50.0
2016-01-05,1988.5,1995.25,1980.75,1989.75,2.5,1993.0,6.0,51.0
2016-01-06,1970.0,1973.75,1955.0,1965.75,26.0,1967.0,26.0,52.0
2016-01-07,1950.5,1971.5,1913.25,1913.25,53.0,1914.0,14.0,52.0
2016-01-08,1927.5,1942.75,1895.0,1895.0,21.25,1892.75,23.0,46.0
2016-01-11,1878.75,1907.0,1877.5,1897.5,2.25,1895.0,13.0,53.0
2016-01-12,1917.0,1918.25,1884.25,1908.25,10.75,1905.75,19.0,50.0
2016-01-13,1903.75,1921.25,1860.0,1865.75,44.0,1861.75,74.0,53.0
2016-01-14,1860.0,1903.5,1856.0,1894.25,33.25,1895.0,20.0,60.0
2016-01-15,1849.0,1857.75,1837.25,1851.25,40.25,1854.75,11.0,66.0
2016-01-19,1850.0,1879.0,1839.5,1858.5,2.25,1852.5,11.0,70.0
2016-01-20,1827.5,1840.0,1783.0,1836.0,18.5,1834.0,39.0,68.0
2016-01-21,1838.5,1860.0,1821.0,1842.75,6.0,1840.0,24.0,84.0
2016-01-22,1865.0,1881.25,1838.5,1878.75,38.25,1878.25,160.0,85.0
2016-01-25,1870.0,1881.25,1848.0,1848.0,29.0,1849.25,148.0,121.0
2016-01-26,1850.0,1879.0,1845.75,1873.5,25.75,1875.0,124.0,205.0
2016-01-27,1869.5,1886.25,1845.0,1854.5,20.75,1854.25,38.0,272.0
2016-01-28,1864.0,1877.0,1848.0,1861.5,5.25,1859.5,5.0,274.0
2016-01-29,1875.5,1911.25,1859.25,1903.75,49.25,1908.75,28.0,274.0
2016-02-01,1900.75,1915.75,1894.5,1910.25,1.0,1909.75,319.0,276.0
2016-02-02,1875.75,1875.75,1871.25,1873.25,34.0,1875.75,0.0,466.0
2016-02-03,1879.0,1887.0,1847.25,1884.5,10.5,1886.25,133.0,466.0
2016-02-04,1886.0,1896.25,1872.5,1884.25,0.75,1885.5,66.0,380.0
2016-02-05,1858.0,1858.0,1846.0,1853.0,32.5,1853.0,19.0,424.0
2016-02-08,1825.75,1856.75,1804.0,1829.25,23.5,1829.5,11.0,424.0
2016-02-09,1810.75,1839.25,1807.25,1826.0,4.0,1825.5,25.0,429.0
2016-02-10,1818.0,1850.0,1818.0,1825.5,1.5,1824.0,11.0,430.0
2016-02-11,1821.75,1821.75,1785.0,1803.25,23.5,1800.5,41.0,431.0
2016-02-12,1825.0,1836.5,1823.75,1834.25,33.75,1834.25,11.0,441.0
2016-02-16,1840.0,1866.5,1840.0,1864.25,30.5,1864.75,17.0,445.0
2016-02-17,1864.75,1900.5,1860.75,1898.5,33.75,1898.5,517.0,441.0
2016-02-18,1897.0,1903.25,1887.25,1891.75,5.75,1892.75,304.0,654.0
2016-02-19,1896.5,1896.5,1877.75,1888.75,2.0,1890.75,4.0,735.0
2016-02-22,1900.0,1917.75,1900.0,1915.75,22.0,1912.75,35.0,737.0
2016-02-23,1906.25,1913.0,1893.5,1893.5,20.25,1892.5,13.0,734.0
2016-02-24,1894.75,1907.0,1867.0,1907.0,13.75,1906.25,22.0,731.0
2016-02-25,1902.5,1925.0,1900.0,1925.0,20.25,1926.5,25.0,739.0
2016-02-26,1928.5,1942.25,1921.25,1922.5,7.75,1918.75,8.0,874.0
2016-02-29,1918.0,1930.0,1904.25,1905.25,13.25,1905.5,30.0,874.0
2016-03-01,1918.0,1952.75,1898.75,1952.75,48.5,1954.0,15.0,864.0
2016-03-02,1954.0,1959.25,1943.75,1958.25,5.5,1959.5,7.0,870.0
2016-03-03,1960.0,1966.75,1952.25,1966.5,7.0,1966.5,10.0,871.0
2016-03-04,1967.0,1981.25,1963.75,1972.25,4.25,1970.75,27.0,870.0
2016-03-07,1966.0,1979.0,1962.25,1975.0,4.25,1975.0,27.0,881.0
2016-03-08,1973.0,1974.75,1952.0,1957.0,18.75,1956.25,9.0,881.0
2016-03-09,1957.75,1967.75,1954.5,1965.5,8.25,1964.5,559.0,882.0
2016-03-10,1969.0,1984.75,1944.25,1966.5,0.25,1964.25,245.0,1026.0
2016-03-11,1971.25,1997.75,1969.25,1996.5,31.25,1995.5,203.0,1157.0
2016-03-14,1996.75,1999.0,1989.5,1995.25,1.0,1994.5,40.0,1250.0
2016-03-15,1988.5,1992.0,1981.75,1992.0,2.75,1991.75,29.0,1259.0
2016-03-16,1993.75,2007.0,1984.5,2003.5,11.0,2002.75,57.0,1273.0
2016-03-17,2006.5,2022.75,1992.75,2016.75,12.5,2015.25,157.0,1277.0
2016-03-18,2018.0,2014.0,2018.0,2014.0,7.5,2018.0,0.0,52.0
2016-03-21,2023.0,2023.0,2023.0,2023.0,5.0,2023.0,0.0,52.0
2016-03-22,2023.0,2023.0,2016.25,2023.0,,2023.0,1.0,52.0
2016-03-23,2009.5,2009.5,2010.25,2010.25,13.5,2009.5,0.0,53.0
2016-03-24,2003.0,2003.25,2001.5,2003.25,0.25,2009.25,1.0,53.0
2016-03-28,2008.5,2011.0,2007.25,2007.75,0.75,2008.5,0.0,54.0
2016-03-29,2020.0,2022.75,2005.25,2022.75,19.25,2027.75,1.0,54.0
2016-03-30,2038.0,2039.75,2038.0,2038.25,7.25,2035.0,1.0,55.0
2016-03-31,2031.5,2031.5,2031.5,2031.5,3.5,2031.5,0.0,56.0
2016-04-01,2031.0,2038.5,2023.75,2038.5,13.5,2045.0,4.0,56.0
2016-04-04,2050.0,2050.0,2042.5,2042.5,7.75,2037.25,1.0,58.0
2016-04-05,2018.5,2018.5,2019.75,2019.75,18.75,2018.5,0.0,59.0
2016-04-06,2018.5,2033.75,2018.5,2033.75,21.25,2039.75,2.0,59.0
2016-04-07,2018.0,2018.0,2011.5,2011.5,25.25,2014.5,2.0,59.0
2016-04-08,2028.0,2028.0,2019.0,2019.0,5.5,2020.0,1.0,60.0
2016-04-11,2014.0,2029.75,2018.5,2020.25,6.0,2014.0,0.0,61.0
2016-04-12,2035.25,2032.0,2035.25,2032.0,21.25,2035.25,0.0,61.0
2016-04-13,2050.0,2050.25,2048.5,2050.25,20.25,2055.5,2.0,61.0
2016-04-14,2056.0,2056.0,2056.0,2056.0,0.5,2056.0,0.0,62.0
2016-04-15,2054.5,2054.5,2054.5,2054.5,1.5,2054.5,0.0,62.0
2016-04-18,2051.0,2062.5,2046.75,2062.5,11.75,2066.25,1.0,62.0
2016-04-19,2065.0,2069.75,2065.0,2069.75,7.0,2073.25,1.0,63.0
2016-04-20,2077.75,2077.75,2077.75,2077.75,4.5,2077.75,0.0,63.0
2016-04-21,2062.5,2078.0,2065.0,2065.0,15.25,2062.5,0.0,63.0
2016-04-22,2057.75,2058.25,2057.75,2058.25,3.25,2065.75,1.0,63.0
2016-04-25,2053.0,2056.5,2053.0,2056.5,2.5,2063.25,2.0,62.0
2016-04-26,2062.5,2062.5,2062.25,2062.25,5.25,2068.5,2.0,64.0
2016-04-27,2070.75,2070.75,2064.75,2065.5,2.25,2070.75,0.0,62.0
2016-04-28,2052.5,2052.5,2053.5,2053.5,18.25,2052.5,0.0,62.0
2016-04-29,2037.0,2037.0,2034.0,2034.75,13.5,2039.0,2.0,62.0
2016-05-02,2032.75,2050.75,2032.75,2050.75,15.0,2054.0,6.0,60.0
2016-05-03,2036.5,2036.5,2032.5,2036.5,17.5,2036.5,0.0,58.0
2016-05-04,2023.0,2023.0,2020.25,2021.25,10.25,2026.25,2.0,58.0
2016-05-05,,2031.25,2024.5,2024.5,3.25,2023.0,0.0,58.0
2016-05-06,,2028.25,2018.75,2028.25,8.5,2031.5,0.0,58.0
2016-05-09,2033.0,2033.25,2033.0,2033.25,1.5,2033.0,0.0,58.0
2016-05-10,2046.5,2052.25,2045.5,2052.25,23.0,2056.0,7.0,58.0
2016-05-11,2043.75,2043.75,2041.0,2041.0,19.25,2036.75,8.0,59.0
2016-05-12,2050.0,2050.0,2035.0,2038.0,0.75,2037.5,6.0,59.0
2016-05-13,,,2027.5,2027.5,15.25,2022.25,0.0,63.0
2016-05-16,2048.5,2048.5,2048.25,2048.25,19.0,2041.25,3.0,63.0
2016-05-17,2022.0,2042.0,2019.25,2019.25,19.0,2022.25,1.0,60.0
2016-05-18,2019.5,2030.5,2016.5,2018.75,2.0,2020.25,1.0,60.0
2016-05-19,2010.75,2010.75,2006.25,2010.25,3.0,2017.25,6.0,59.0
2016-05-20,,2029.5,,2029.5,11.5,2028.75,0.0,59.0
2016-05-23,2022.75,2026.75,2022.75,2026.75,4.5,2024.25,7.0,59.0
2016-05-24,2038.25,2053.0,2038.25,2052.0,29.75,2054.0,15.0,59.0
2016-05-25,2060.0,2071.25,2060.0,2069.0,12.5,2066.5,26.0,70.0
2016-05-26,2063.75,2068.0,2063.5,2068.0,2.25,2068.75,4.0,75.0
2016-05-27,2073.75,2073.75,2072.75,2073.25,7.75,2076.5,12.0,79.0
2016-05-31,2079.75,2079.75,2067.25,2073.25,2.5,2074.0,9.0,77.0
2016-06-01,2071.5,2077.0,2064.5,2077.0,2.75,2076.75,7.0,78.0
2016-06-02,2074.0,2082.25,2067.75,2082.25,5.75,2082.5,11.0,79.0
2016-06-03,2085.0,2085.0,2062.5,2075.5,6.75,2075.75,28.0,85.0
2016-06-06,2083.0,2089.0,2074.0,2086.5,10.5,2086.25,18.0,93.0
2016-06-07,2087.5,2094.5,2087.5,2088.75,2.0,2088.25,9.0,95.0
2016-06-08,2095.0,2097.5,2087.25,2095.25,7.5,2095.75,22.0,98.0
2016-06-09,,,2084.75,2092.25,4.0,2091.75,7.0,112.0
2016-06-10,2075.0,2075.0,2067.0,2073.25,18.0,2073.75,16.0,112.0
2016-06-13,2058.0,2058.0,2054.0,2054.0,17.75,2056.0,2.0,114.0
2016-06-14,2046.25,2057.75,2041.75,2052.25,4.0,2052.0,14.0,114.0
2016-06-15,2055.0,2062.75,2046.75,2048.75,2.5,2049.5,3.0,115.0
2016-06-16,2044.0,2055.75,2028.0,2055.25,7.0,2056.5,31.0,117.0
2016-06-17,2060.0,2060.0,2040.0,2046.0,11.5,2045.0,6.0,126.0
2016-06-20,2066.0,2067.5,2054.75,2055.75,15.25,2056.25,9.0,15.0
2016-06-21,2058.75,2062.0,2054.5,2060.75,5.0,2061.25,316.0,24.0
2016-06-22,2071.5,2071.5,2058.0,2058.0,4.25,2057.0,2.0,195.0
2016-06-23,,2087.25,,2087.25,29.0,2086.0,0.0,194.0
2016-06-24,2090.0,2090.0,1998.0,1998.0,87.75,1998.25,19.0,194.0
2016-06-27,1984.0,1993.0,1960.25,1962.5,34.75,1963.5,16.0,205.0
2016-06-28,2007.0,2002.25,2007.0,2002.25,43.5,2007.0,0.0,211.0
2016-06-29,2030.0,2044.0,2030.0,2044.0,38.5,2045.5,9.0,211.0
2016-06-30,2069.0,2059.5,2040.0,2059.5,23.5,2069.0,0.0,207.0
2016-07-01,2075.0,2071.25,2068.25,2071.25,6.0,2075.0,0.0,207.0
2016-07-05,2080.0,2080.0,2055.5,2055.5,13.75,2061.25,1.0,207.0
2016-07-06,,2062.5,2052.25,2062.5,10.75,2072.0,0.0,208.0
2016-07-07,,,2067.5,2067.5,2.5,2069.5,0.0,208.0
2016-07-08,2080.0,2093.5,2080.0,2093.5,28.25,2097.75,6.0,208.0
2016-07-11,2108.0,2107.25,2108.0,2107.25,10.25,2108.0,0.0,212.0
2016-07-12,,2119.25,,2119.25,15.5,2123.5,5.0,212.0
2016-07-13,,,2122.75,2122.75,0.25,2123.75,0.0,207.0
2016-07-14,,2136.75,,2136.75,11.5,2135.25,26.0,207.0
2016-07-15,,,2134.75,2134.75,4.25,2131.0,2.0,182.0
2016-07-18,2138.5,2139.75,2138.5,2139.75,7.5,2138.5,11.0,180.0
2016-07-19,,,2136.5,2136.5,1.0,2137.5,1.0,169.0
2016-07-20,2139.75,2142.75,2139.75,2142.75,9.0,2146.5,303.0,168.0
2016-07-21,,,2139.0,2139.0,9.5,2137.0,0.0,321.0
2016-07-22,,2141.5,,2141.5,9.5,2146.5,0.0,321.0
2016-07-25,2139.75,2139.75,2139.75,2139.75,5.0,2141.5,5.0,321.0
2016-07-26,,,2138.5,2138.5,1.0,2142.5,0.0,319.0
2016-07-27,,,2137.75,2139.5,2.5,2140.0,0.0,319.0
2016-07-28,,,2137.0,2137.0,4.0,2144.0,0.0,319.0
2016-07-29,,,,,3.5,2147.5,0.0,319.0
2016-08-01,2143.5,2143.5,2143.5,2143.5,4.0,2143.5,0.0,319.0
2016-08-02,2122.0,2128.25,2122.0,2128.25,11.75,2131.75,1.0,319.0
2016-08-03,,,,,4.5,2136.25,0.0,320.0
2016-08-04,,2136.75,,2136.75,2.25,2138.5,0.0,320.0
2016-08-05,,2149.75,,2149.75,17.5,2156.0,0.0,320.0
2016-08-08,2154.75,2154.75,2154.75,2154.75,1.25,2154.75,0.0,320.0
2016-08-09,,,,,2.75,2157.5,0.0,320.0
2016-08-10,2150.0,2150.0,2150.0,2150.0,5.0,2152.5,1.0,320.0
2016-08-11,,2157.25,,2157.25,9.0,2161.5,0.0,320.0
2016-08-12,2160.25,2160.25,2160.25,2160.25,1.5,2160.0,1.0,320.0
2016-08-15,2162.0,2162.5,2162.0,2162.5,5.5,2165.5,1.0,319.0
2016-08-16,,,2159.75,2159.75,9.0,2156.5,0.0,320.0
2016-08-17,2145.25,2154.75,2145.25,2154.75,3.0,2159.5,1.0,320.0
2016-08-18,2163.0,2163.0,2160.0,2161.5,3.75,2163.25,4.0,321.0
2016-08-19,,,2157.75,2157.75,1.75,2161.5,0.0,321.0
2016-08-22,2161.25,2161.25,2156.0,2157.25,0.25,2161.25,0.0,321.0
2016-08-23,2160.0,2168.75,2160.0,2168.25,3.75,2165.0,8.0,321.0
2016-08-24,2161.5,2161.5,2155.75,2155.75,10.25,2154.75,4.0,326.0
2016-08-25,,,2151.25,2153.75,1.0,2153.75,5.0,327.0
2016-08-26,2162.0,2162.0,2141.0,2145.25,5.0,2148.75,10.0,327.0
2016-08-29,2150.0,2160.5,2148.25,2160.5,10.75,2159.5,3.0,322.0
2016-08-30,2150.0,2152.75,2150.0,2152.75,3.75,2155.75,1.0,472.0
2016-08-31,2150.0,2150.0,2145.75,2146.25,5.75,2150.0,0.0,473.0
2016-09-01,2146.0,2152.25,2137.0,2148.25,2.0,2148.0,7.0,473.0
2016-09-02,2160.0,2161.75,2155.0,2158.0,10.75,2158.75,3.0,470.0
2016-09-06,2156.25,2164.5,2155.75,2164.5,6.5,2165.25,2.0,470.0
2016-09-07,2165.25,2165.5,2159.25,2165.0,0.5,2165.75,5.0,470.0
2016-09-08,2168.0,2168.0,2160.0,2160.0,7.0,2158.75,11.0,471.0
2016-09-09,2150.0,2150.0,2103.75,2103.75,54.5,2104.25,162.0,475.0
2016-09-12,2125.0,2138.5,2093.75,2138.5,35.75,2140.0,3.0,376.0
2016-09-13,2110.5,2110.5,2103.75,2112.5,29.5,2110.5,0.0,375.0
2016-09-14,2113.0,2121.0,2104.25,2105.25,9.0,2101.5,6.0,375.0
2016-09-15,2101.5,2132.0,2097.25,2127.0,24.5,2126.0,13.0,372.0
2016-09-16,2115.0,2122.0,2111.5,2120.75,5.5,2120.5,1.0,375.0
2016-09-19,2118.0,2123.5,2118.0,2119.5,0.75,2118.0,0.0,7.0
2016-09-20,,2119.25,,2119.25,1.5,2116.5,0.0,7.0
2016-09-21,,2132.25,2115.5,2132.25,25.0,2141.5,0.0,7.0
2016-09-22,2150.0,2154.5,2150.0,2154.5,12.25,2153.75,2.0,7.0
2016-09-23,2142.0,2142.0,2142.0,2142.5,10.25,2143.5,1.0,9.0
2016-09-26,2125.0,2125.0,2127.5,2127.5,18.5,2125.0,0.0,10.0
2016-09-27,2120.75,2132.5,2119.75,2132.5,13.0,2138.0,25.0,10.0
2016-09-28,,2144.25,,2144.25,10.5,2148.5,5.0,17.0
2016-09-29,,,2131.25,2131.25,15.0,2133.5,0.0,17.0
2016-09-30,,2144.5,2130.0,2144.5,12.0,2145.5,0.0,17.0
2016-10-03,2138.5,2138.5,2138.5,2138.5,7.0,2138.5,0.0,17.0
2016-10-04,,,2128.0,2128.0,8.25,2130.25,0.0,17.0
2016-10-05,,2136.0,,2136.0,8.75,2139.0,0.0,17.0
2016-10-06,,,2137.0,2137.0,3.25,2142.25,0.0,17.0
2016-10-07,,,2131.75,2131.75,9.75,2132.5,0.0,17.0
2016-10-10,2145.25,2139.75,2145.25,2139.75,12.75,2145.25,0.0,17.0
2016-10-11,,,2111.75,2113.25,24.75,2120.5,0.0,17.0
2016-10-12,,,2118.25,2118.25,2.75,2117.75,0.0,17.0
2016-10-13,,,2098.0,2111.5,5.75,2112.0,0.0,17.0
2016-10-14,,2120.25,,2118.75,0.75,2112.75,0.0,17.0
2016-10-17,2109.0,2109.0,2108.75,2108.75,3.75,2109.0,0.0,17.0
2016-10-18,,2116.5,,2116.5,8.75,2117.75,0.0,17.0
2016-10-19,,2120.75,,2120.75,4.75,2122.5,1.0,17.0
2016-10-20,,,2120.0,2120.0,1.0,2121.5,0.0,17.0
2016-10-21,,,2116.5,2116.5,2.5,2119.0,0.0,17.0
2016-10-24,2128.75,2125.75,2128.75,2125.75,9.75,2128.75,0.0,17.0
2016-10-25,,,2124.25,2124.25,6.25,2122.5,0.0,17.0
2016-10-26,,,2117.25,2118.25,4.0,2118.5,0.0,17.0
2016-10-27,,2119.5,2117.0,2117.0,10.5,2108.0,0.0,17.0
2016-10-28,2106.5,2113.0,2103.25,2104.5,0.5,2108.5,5.0,17.0
2016-10-31,2104.5,2104.5,2104.5,2104.5,4.0,2104.5,0.0,22.0
2016-11-01,2087.0,2107.5,2082.5,2086.75,16.5,2088.0,7.0,22.0
2016-11-02,,,2078.0,2078.25,11.75,2076.25,0.0,18.0
2016-11-03,,,2072.25,2072.25,8.75,2067.5,0.0,18.0
2016-11-04,,2071.75,,2071.75,3.5,2064.0,0.0,18.0
2016-11-07,2095.0,2107.0,2093.0,2107.0,48.75,2112.75,6.0,18.0
2016-11-08,2106.0,2120.25,2106.0,2120.25,6.5,2119.25,3.0,18.0
2016-11-09,2035.0,2148.0,2021.5,2142.0,24.5,2143.75,10.0,21.0
2016-11-10,2150.0,2162.75,2139.5,2151.25,7.0,2150.75,12.0,18.0
2016-11-11,2135.5,2139.5,2135.0,2139.5,5.5,2145.25,1.0,17.0
2016-11-14,2144.5,2150.25,2142.75,2142.75,0.75,2144.5,0.0,17.0
2016-11-15,,2156.0,,2156.0,19.25,2163.75,0.0,17.0
2016-11-16,,,2158.25,2158.25,6.75,2157.0,0.0,17.0
2016-11-17,2165.0,2167.5,2164.5,2167.5,11.75,2168.75,4.0,17.0
2016-11-18,2166.0,2170.0,2166.0,2168.0,3.5,2165.25,6.0,19.0
2016-11-21,2170.0,2175.0,2170.0,2175.0,12.25,2177.5,5.0,23.0
2016-11-22,2183.0,2185.5,2178.0,2179.25,7.25,2184.75,7.0,24.0
2016-11-23,2185.25,2185.25,2183.75,2183.75,0.5,2185.25,0.0,24.0
2016-11-25,2189.0,2193.75,2187.0,2193.75,10.75,2196.0,23.0,24.0
2016-11-28,2185.0,2188.0,2184.0,2185.0,10.5,2185.5,3.0,37.0
2016-11-29,,2186.5,,2186.5,2.75,2188.25,0.0,39.0
2016-11-30,2198.25,2198.25,2188.5,2188.5,5.25,2183.0,6.0,39.0
2016-12-01,2177.0,2177.0,2174.5,2174.5,6.75,2176.25,11.0,35.0
2016-12-02,,,,,0.25,2176.0,0.0,30.0
2016-12-05,2183.0,2189.75,2172.5,2189.75,12.25,2188.25,3.0,30.0
2016-12-06,2191.0,2192.0,2191.0,2192.0,5.75,2194.0,4.0,30.0
2016-12-07,2199.0,2223.5,2199.0,2221.25,26.75,2220.75,20.0,28.0
2016-12-08,2222.0,2235.5,2217.75,2230.0,11.0,2231.75,5.0,38.0
2016-12-09,2233.25,2242.0,2232.25,2242.0,12.25,2244.0,4.0,38.0
2016-12-12,2240.0,2252.5,2240.0,2240.0,4.0,2240.0,2.0,36.0
2016-12-13,2253.25,2260.75,2253.25,2257.75,17.25,2257.25,161.0,36.0
2016-12-14,2253.5,2257.0,2238.25,2241.5,15.0,2242.25,19.0,166.0
2016-12-15,2253.25,2253.25,2240.75,2249.25,6.75,2249.0,21.0,160.0
2016-12-16,2251.5,2251.75,2241.0,2245.5,3.5,2245.5,6.0,171.0
2016-12-19,2245.0,2245.0,2243.75,2243.75,4.75,2245.5,1.0,46.0
2016-12-20,2245.0,2251.25,2245.0,2250.0,6.5,2252.0,2.0,47.0
2016-12-21,2252.75,2252.75,2241.0,2241.5,6.0,2246.0,23.0,48.0
2016-12-22,2244.0,2244.0,2244.0,2244.0,2.0,2244.0,0.0,66.0
2016-12-23,2245.5,2245.5,2245.5,2245.5,1.5,2245.5,0.0,66.0
2016-12-27,2246.25,2250.0,2246.25,2250.0,0.75,2246.25,0.0,66.0
2016-12-28,2230.0,2232.0,2229.0,2229.0,15.75,2230.5,7.0,66.0
2016-12-29,2226.0,2226.0,2226.0,2226.0,0.25,2230.25,1.0,68.0
2016-12-30,2222.0,2222.0,2217.0,2217.0,9.0,2221.25,3.0,69.0
2017-01-03,2237.75,2233.75,2237.75,2228.75,16.5,2237.75,0.0,72.0
2017-01-04,2250.0,2250.0,2250.0,2250.0,11.5,2249.25,1.0,72.0
2017-01-05,2240.0,2247.0,2240.0,2247.0,,2249.25,2.0,71.0
2017-01-06,2250.0,2260.0,2250.0,2260.0,7.25,2256.5,2.0,71.0
2017-01-09,2253.75,2253.75,2252.25,2252.25,6.5,2250.0,1.0,69.0
2017-01-10,2246.0,2249.75,2246.0,2249.75,1.5,2248.5,1.0,70.0
2017-01-11,2248.0,2248.25,2242.0,2246.0,6.75,2255.25,5.0,71.0
2017-01-12,2241.0,2250.0,2239.25,2250.0,7.25,2248.0,3.0,73.0
2017-01-13,2256.0,2256.0,2256.0,2256.0,9.5,2257.5,19.0,74.0
2017-01-17,2247.0,2247.5,2247.0,2247.5,9.75,2247.75,2.0,87.0
2017-01-18,,,,,4.0,2251.75,1.0,88.0
2017-01-19,2247.0,2250.25,2240.0,2247.75,3.5,2248.25,3.0,89.0
2017-01-20,2250.0,2253.0,2250.0,2253.0,4.25,2252.5,7.0,90.0
2017-01-23,2244.0,2247.25,2240.25,2247.25,4.0,2248.5,2.0,85.0
2017-01-24,2255.0,2266.0,2248.0,2264.75,12.5,2261.0,133.0,85.0
2017-01-25,2278.0,2279.0,2277.75,2279.0,19.75,2280.75,4.0,80.0
2017-01-26,2279.5,2282.5,2279.5,2279.5,0.25,2281.0,5.0,84.0
2017-01-27,2275.0,2281.25,2275.0,2275.75,4.75,2276.25,1.0,85.0
2017-01-30,2265.0,2265.0,2252.75,2262.0,13.25,2263.0,8.0,85.0
2017-01-31,,,2252.75,2261.0,1.5,2261.5,7.0,88.0
2017-02-01,2260.0,2269.0,2257.75,2261.5,0.25,2261.25,30.0,83.0
2017-02-02,2260.0,2263.75,2255.5,2261.25,1.0,2262.25,6.0,61.0
2017-02-03,2267.0,2278.25,2259.0,2278.25,15.5,2277.75,11.0,59.0
2017-02-06,2274.0,2274.0,2272.25,2274.0,4.5,2273.25,3.0,59.0
2017-02-07,2274.0,2280.0,2273.25,2274.0,2.0,2275.25,8.0,59.0
2017-02-08,2269.0,2277.0,2269.0,2277.0,1.75,2277.0,6.0,59.0
2017-02-09,2290.0,2293.75,2290.0,2291.5,14.0,2291.0,4.0,59.0
2017-02-10,,2299.75,,2299.75,8.5,2299.5,0.0,60.0
2017-02-13,2307.0,2313.75,2307.0,2313.0,13.75,2313.25,15.0,60.0
2017-02-14,2312.0,2324.0,2309.0,2324.0,11.5,2324.75,13.0,59.0
2017-02-15,2326.5,2337.75,2321.5,2337.75,13.75,2338.5,7.0,63.0
2017-02-16,2330.25,2333.5,2326.0,2333.5,4.5,2334.0,2.0,63.0
2017-02-17,2329.75,2335.25,2326.0,2335.25,2.5,2336.5,6.0,63.0
2017-02-21,2329.75,2353.0,2329.75,2351.0,12.5,2349.0,21.0,63.0
2017-02-22,2349.75,2350.75,2346.75,2349.25,1.0,2350.0,3.0,68.0
2017-02-23,2355.0,2355.0,2343.75,2352.25,2.0,2352.0,27.0,70.0
2017-02-24,2346.5,2351.25,2338.75,2351.25,2.0,2354.0,17.0,79.0
2017-02-27,2352.75,2358.5,2351.75,2354.5,3.5,2357.5,13.0,81.0
2017-02-28,2353.5,2354.0,2348.0,2351.5,5.25,2352.25,30.0,83.0
2017-03-01,2354.0,2390.0,2354.0,2384.5,31.75,2384.0,32.0,92.0
2017-03-02,2382.0,2383.75,2370.75,2372.0,11.0,2373.0,22.0,100.0
2017-03-03,2366.0,2373.5,2366.0,2372.25,0.75,2372.25,150.0,110.0
2017-03-06,2365.0,2368.75,2359.0,2364.75,5.75,2366.5,25.0,218.0
2017-03-07,2362.5,2365.25,2357.0,2358.5,8.75,2357.75,12.0,233.0
2017-03-08,2357.75,2363.5,2353.0,2357.0,1.5,2356.25,241.0,239.0
2017-03-09,2356.0,2361.0,2348.25,2358.5,2.25,2358.5,418.0,454.0
2017-03-10,2368.0,2371.5,2355.25,2362.75,5.25,2363.75,239.0,865.0
2017-03-13,2363.75,2366.5,2361.25,2366.25,3.25,2367.0,2.0,971.0
2017-03-14,2358.0,2358.5,2354.0,2358.5,8.75,2358.25,4.0,972.0
2017-03-15,2363.0,2381.0,2362.5,2375.5,17.5,2375.75,148.0,973.0
2017-03-16,2376.0,2382.0,2369.0,2374.0,1.75,2374.0,144.0,1105.0
2017-03-17,2370.5,2376.0,2368.5,2369.75,4.0,2370.0,24.0,1219.0
2017-03-20,,,2361.75,2362.0,4.0,2363.0,6.0,10.0
2017-03-21,2352.0,2368.75,2334.0,2334.25,28.0,2335.0,8.0,13.0
2017-03-22,2335.5,2339.5,2328.0,2336.0,,2335.0,3.0,19.0
2017-03-23,,2347.25,2334.5,2334.5,2.5,2332.5,0.0,18.0
2017-03-24,,2343.5,2327.0,2333.25,4.75,2337.25,0.0,18.0
2017-03-27,,,2313.5,2332.0,6.25,2331.0,0.0,18.0
2017-03-28,2350.0,2351.25,2328.75,2346.5,13.0,2344.0,1.0,18.0
2017-03-29,,2350.5,,2350.5,6.0,2350.0,0.0,18.0
2017-03-30,,2358.0,,2357.75,7.5,2357.5,0.0,18.0
2017-03-31,2355.0,2355.5,2353.25,2353.75,5.25,2352.25,2.0,18.0
2017-04-03,,2354.75,2339.25,2349.0,3.25,2349.0,0.0,20.0
2017-04-04,,,2341.5,2349.0,0.5,2349.5,0.0,20.0
2017-04-05,,2366.0,2339.25,2339.25,9.75,2339.75,0.0,20.0
2017-04-06,2339.75,2350.5,2333.25,2346.0,7.25,2347.0,2.0,20.0
2017-04-07,2348.0,2352.25,2336.75,2347.5,1.75,2345.25,4.0,18.0
2017-04-10,2342.0,2354.0,2342.0,2346.0,0.25,2345.5,1.0,18.0
2017-04-11,2338.25,2347.25,2328.75,2343.25,1.5,2344.0,3.0,19.0
2017-04-12,2335.5,2346.75,2332.25,2334.25,10.5,2333.5,6.0,18.0
2017-04-13,,2336.0,2318.75,2319.5,13.5,2320.0,0.0,19.0
2017-04-17,2320.0,2337.25,2317.5,2337.25,17.5,2337.5,7.0,19.0
2017-04-18,2328.5,2332.75,2323.75,2331.5,7.75,2329.75,4.0,21.0
2017-04-19,,2340.25,2328.0,2328.0,3.5,2326.25,0.0,21.0
2017-04-20,2335.25,2349.25,2335.25,2349.25,18.5,2344.75,1.0,21.0
2017-04-21,,,2334.75,2334.75,4.75,2340.0,0.0,21.0
2017-04-24,2361.0,2364.0,2361.0,2362.5,23.0,2363.0,2.0,21.0
2017-04-25,2379.0,2379.0,2362.75,2378.75,15.5,2378.5,2.0,22.0
2017-04-26,2380.25,2385.25,2377.25,2377.25,2.5,2376.0,6.0,23.0
2017-04-27,2379.0,2380.25,2373.25,2377.75,3.75,2379.75,2.0,26.0
2017-04-28,2377.75,2377.75,2373.25,2373.25,5.5,2374.25,1.0,26.0
2017-05-01,2381.0,2382.5,2376.75,2380.25,6.5,2380.75,7.0,26.0
2017-05-02,2381.0,2381.0,2379.25,2381.0,1.5,2379.25,1.0,25.0
2017-05-03,,,2371.75,2376.0,2.75,2376.5,0.0,26.0
2017-05-04,,2378.25,2371.5,2376.0,2.5,2379.0,0.0,26.0
2017-05-05,,2387.5,2376.5,2387.5,12.25,2391.25,0.0,26.0
2017-05-08,2390.0,2390.0,2385.25,2385.25,2.75,2388.5,1.0,26.0
2017-05-09,2392.0,2392.0,2382.75,2384.25,2.0,2386.5,2.0,26.0
2017-05-10,2383.75,2386.75,2380.75,2385.25,1.75,2388.25,101.0,28.0
2017-05-11,,,2375.5,2381.75,4.75,2383.5,0.0,38.0
2017-05-12,2379.5,2379.5,2379.5,2379.5,2.5,2381.0,7.0,288.0
2017-05-15,,2390.0,,2390.0,9.5,2390.5,0.0,285.0
2017-05-16,2393.75,2393.75,2390.0,2391.0,1.0,2389.5,4.0,285.0
2017-05-17,2365.0,2365.25,2349.75,2349.75,40.5,2349.0,14.0,285.0
2017-05-18,2347.0,2359.0,2338.25,2359.0,6.0,2355.0,5.0,292.0
2017-05-19,2360.0,2376.0,2360.0,2373.0,18.25,2373.25,6.0,293.0
2017-05-22,2378.0,2385.5,2371.5,2384.25,11.25,2384.5,5.0,295.0
2017-05-23,2383.75,2389.0,2380.5,2389.0,5.25,2389.75,3.0,294.0
2017-05-24,2389.0,2395.0,2388.5,2395.0,3.75,2393.5,22.0,295.0
2017-05-25,2405.25,2406.5,2400.0,2405.5,11.5,2405.0,12.0,529.0
2017-05-26,2401.5,2404.0,2401.5,2404.0,0.75,2405.75,2.0,531.0
2017-05-30,2405.0,2405.0,2402.5,2405.0,3.0,2402.75,1.0,524.0
2017-05-31,2405.0,2406.0,2397.75,2403.0,0.5,2403.25,7.0,524.0
2017-06-01,2409.0,2420.5,2409.0,2420.5,18.75,2422.0,6.0,531.0
2017-06-02,2421.5,2429.75,2421.5,2429.75,8.0,2430.0,7.0,532.0
2017-06-05,2428.5,2431.0,2426.5,2426.5,2.75,2427.25,4.0,538.0
2017-06-06,2425.5,2426.5,2419.75,2422.75,3.75,2423.5,1.0,541.0
2017-06-07,2420.0,2425.25,2417.75,2425.25,1.25,2424.75,6.0,542.0
2017-06-08,2422.75,2428.25,2421.5,2425.5,0.5,2425.25,9.0,541.0
2017-06-09,2429.75,2437.75,2410.75,2423.0,1.5,2423.75,276.0,543.0
2017-06-12,2412.5,2420.5,2412.5,2420.5,1.75,2422.0,2.0,630.0
2017-06-13,2431.5,2433.25,2421.25,2433.25,11.5,2433.5,5.0,632.0
2017-06-14,2431.0,2437.25,2423.0,2430.5,2.5,2431.0,8.0,628.0
2017-06-15,2414.5,2425.75,2413.25,2425.75,3.0,2428.0,19.0,635.0
2017-06-16,2426.0,2431.0,2418.25,2426.5,1.25,2426.75,6.0,639.0
2017-06-19,2435.25,2445.0,2435.25,2443.75,16.5,2444.25,5.0,1.0
2017-06-20,2438.0,2438.0,2433.0,2433.0,12.0,2432.25,2.0,5.0
2017-06-21,,,2427.25,2427.25,3.75,2428.5,0.0,5.0
2017-06-22,,,,,1.5,2427.0,0.0,5.0
2017-06-23,2423.0,2425.0,2423.0,2425.0,3.25,2430.25,1.0,5.0
2017-06-26,,2435.0,,2432.75,1.0,2431.25,0.0,5.0
2017-06-27,,,2415.0,2415.0,15.25,2416.0,0.0,5.0
2017-06-28,,,,,18.0,2434.0,2.0,5.0
2017-06-29,2416.0,2436.0,2402.0,2418.0,18.5,2415.5,3.0,7.0
2017-06-30,,2420.0,,2418.5,0.75,2416.25,0.0,9.0
2017-07-03,,2425.75,,2422.5,4.25,2420.5,1.0,9.0
2017-07-05,,,,,3.0,2423.5,0.0,10.0
2017-07-06,,,2409.25,2409.25,19.75,2403.75,0.0,10.0
2017-07-07,2403.75,2409.25,2403.75,2409.25,14.25,2418.0,3.0,10.0
2017-07-10,,2420.25,,2420.25,2.0,2420.0,0.0,13.0
2017-07-11,,,2412.0,2416.75,0.25,2419.75,0.0,13.0
2017-07-12,2421.0,2438.25,2421.0,2435.25,15.5,2435.25,32.0,13.0
2017-07-13,,2439.75,,2439.75,5.5,2440.75,3.0,25.0
2017-07-14,2458.0,2458.0,2454.0,2454.0,10.5,2451.25,4.0,24.0
2017-07-17,2451.75,2452.25,2451.75,2451.75,2.5,2453.75,1.0,25.0
2017-07-18,2452.75,2453.0,2451.25,2453.0,0.75,2453.0,20.0,25.0
2017-07-19,2456.75,2463.0,2456.25,2463.0,13.5,2466.5,3.0,19.0
2017-07-20,2466.0,2471.25,2464.5,2469.5,,2466.5,690.0,19.0
2017-07-21,2471.25,2471.25,2462.0,2462.5,1.75,2464.75,45.0,408.0
2017-07-24,2466.0,2466.0,2461.0,2463.0,1.0,2463.75,4.0,410.0
2017-07-25,2467.5,2471.25,2467.5,2470.75,6.0,2469.75,26.0,412.0
2017-07-26,,2472.5,,2471.0,0.75,2469.0,0.0,408.0
2017-07-27,2460.25,2474.0,2458.25,2465.0,1.5,2467.5,12.0,405.0
2017-07-28,2466.25,2466.25,2460.5,2466.25,1.75,2465.75,1.0,408.0
2017-07-31,,2467.25,2465.25,2465.75,2.25,2463.5,0.0,407.0
2017-08-01,,2469.75,,2467.75,4.5,2468.0,0.0,407.0
2017-08-02,2469.0,2469.0,2460.0,2467.25,1.0,2469.0,7.0,407.0
2017-08-03,,,2466.25,2466.25,1.75,2467.25,0.0,408.0
2017-08-04,2473.0,2473.0,2469.0,2469.0,0.5,2467.75,1.0,408.0
2017-08-07,,2471.5,,2471.5,5.25,2473.0,0.0,407.0
2017-08-08,2482.25,2482.25,2466.25,2466.25,4.5,2468.5,9.0,407.0
2017-08-09,2460.0,2466.25,2457.25,2466.25,0.25,2468.75,22.0,411.0
2017-08-10,2457.0,2457.25,2432.5,2432.5,35.5,2433.25,50.0,421.0
2017-08-11,,2439.0,2430.5,2435.0,2.5,2435.75,29.0,437.0
2017-08-14,,2458.75,,2458.75,23.5,2459.25,0.0,451.0
2017-08-15,,2465.0,,2460.25,0.25,2459.5,0.0,451.0
2017-08-16,,2466.0,,2462.75,3.75,2463.25,0.0,451.0
2017-08-17,2451.0,2451.0,2420.5,2421.5,38.25,2425.0,21.0,451.0
2017-08-18,2423.0,2430.75,2417.75,2423.25,2.5,2422.5,1.0,454.0
2017-08-21,,2425.25,2414.75,2420.75,1.0,2423.5,0.0,454.0
2017-08-22,2443.5,2445.75,2443.25,2445.75,25.0,2448.5,6.0,454.0
2017-08-23,,,2438.5,2439.75,11.5,2437.0,0.0,453.0
2017-08-24,2431.0,2441.25,2431.0,2434.75,0.5,2436.5,3.0,453.0
2017-08-25,,2444.25,2435.5,2440.5,1.75,2438.25,0.0,456.0
2017-08-28,,2440.25,2437.5,2437.5,1.25,2439.5,0.0,456.0
2017-08-29,2442.5,2442.5,2419.25,2442.5,2.75,2442.25,13.0,456.0
2017-08-30,2454.0,2454.0,2441.75,2451.0,9.0,2451.25,3.0,463.0
2017-08-31,2457.0,2466.0,2456.5,2466.0,14.25,2465.5,8.0,465.0
2017-09-01,,2470.5,,2470.5,4.25,2469.75,0.0,466.0
2017-09-05,,,2444.25,2452.5,14.5,2455.25,0.0,466.0
2017-09-06,2457.0,2462.25,2454.0,2461.0,5.75,2461.0,11.0,466.0
2017-09-07,2461.0,2461.0,2456.25,2458.0,1.0,2462.0,3.0,469.0
2017-09-08,,,2453.0,2456.75,3.5,2458.5,1.0,470.0
2017-09-11,2469.5,2484.0,2469.5,2484.0,24.75,2483.25,4.0,469.0
2017-09-12,2483.25,2490.25,2482.75,2490.25,8.5,2491.75,33.0,470.0
2017-09-13,2490.25,2491.25,2487.5,2491.25,0.5,2492.25,7.0,445.0
2017-09-14,2492.0,2492.0,2487.5,2491.0,0.5,2491.75,8.0,445.0
2017-09-15,2490.0,2497.0,2485.5,2497.0,3.0,2494.75,36.0,443.0
2017-09-18,2502.0,2502.25,2500.0,2500.0,6.25,2500.5,3.0,19.0
2017-09-19,2499.25,2501.5,2499.25,2501.5,2.25,2502.75,1.0,20.0
2017-09-20,,,2496.0,2501.0,0.5,2503.25,3.0,19.0
2017-09-21,,,2499.5,2499.5,4.0,2499.25,6.0,22.0
2017-09-22,2497.5,2497.5,2491.75,2496.0,1.75,2497.5,1.0,28.0
2017-09-25,,2502.0,2487.25,2492.75,2.0,2495.5,0.0,29.0
2017-09-26,2495.0,2495.5,2492.5,2495.0,1.5,2494.0,32.0,29.0
2017-09-27,2497.0,2504.5,2495.5,2504.5,8.75,2502.75,5.0,25.0
2017-09-28,2505.0,2505.5,2505.0,2505.5,3.5,2506.25,4.0,26.0
2017-09-29,2509.0,2513.75,2509.0,2513.75,8.5,2514.75,3.0,26.0
2017-10-02,,2521.5,,2519.75,10.75,2525.5,0.0,26.0
2017-10-03,,2528.25,,2528.25,6.5,2532.0,0.0,26.0
2017-10-04,2535.75,2535.75,2535.75,2535.75,3.75,2535.75,2.0,26.0
2017-10-05,2547.0,2547.0,2547.0,2547.0,14.25,2550.0,1.0,27.0
2017-10-06,,,2545.75,2545.75,4.75,2545.25,0.0,26.0
2017-10-09,2548.0,2548.0,2545.25,2545.25,1.5,2543.75,8.0,26.0
2017-10-10,,2548.25,,2548.25,4.75,2548.5,0.0,29.0
2017-10-11,2547.25,2549.75,2547.25,2549.75,4.75,2553.25,2.0,29.0
2017-10-12,,,2551.25,2551.25,3.5,2549.75,0.0,29.0
2017-10-13,2550.25,2552.0,2550.25,2551.75,3.25,2553.0,1.0,29.0
2017-10-16,,2555.5,,2554.5,3.5,2556.5,0.0,28.0
2017-10-17,,,,,0.75,2557.25,0.0,28.0
2017-10-18,,2559.5,,2559.5,3.25,2560.5,1.0,28.0
2017-10-19,2549.5,2558.0,2546.25,2558.0,0.25,2560.75,2.0,28.0
2017-10-20,,2571.5,,2571.25,13.5,2574.25,3.0,30.0
2017-10-23,2575.75,2576.75,2567.0,2567.0,10.75,2563.5,1.0,27.0
2017-10-24,,2566.75,,2566.75,4.25,2567.75,4.0,27.0
2017-10-25,2562.75,2564.5,2545.25,2555.75,8.75,2559.0,22.0,28.0
2017-10-26,,2561.75,,2560.75,3.0,2562.0,0.0,41.0
2017-10-27,,2577.0,2560.25,2577.0,17.0,2579.0,8.0,41.0
2017-10-30,2574.5,2576.25,2570.25,2570.25,10.0,2569.0,1.0,49.0
2017-10-31,2570.75,2574.25,2570.5,2574.25,4.5,2573.5,2.0,48.0
2017-11-01,2578.25,2586.25,2573.5,2573.75,2.0,2575.5,4.0,50.0
2017-11-02,,,2565.5,2574.5,2.0,2577.5,0.0,51.0
2017-11-03,2584.5,2587.75,2576.0,2584.75,6.0,2583.5,4.0,51.0
2017-11-06,2582.5,2585.75,2577.75,2585.75,6.0,2589.5,7.0,53.0
2017-11-07,,2592.25,2584.0,2585.75,2.0,2587.5,7.0,48.0
2017-11-08,,2592.0,2582.5,2592.0,4.25,2591.75,1.0,50.0
2017-11-09,2579.5,2594.0,2569.0,2583.5,7.0,2584.75,3.0,49.0
2017-11-10,2578.0,2585.25,2575.25,2581.5,4.25,2580.5,4.0,49.0
2017-11-13,2585.0,2585.0,2575.25,2584.0,2.25,2582.75,12.0,53.0
2017-11-14,2573.75,2577.5,2569.5,2577.5,3.75,2579.0,7.0,55.0
2017-11-15,,,2561.0,2568.25,13.0,2566.0,0.0,54.0
2017-11-16,,2588.0,2565.0,2588.0,20.25,2586.25,0.0,54.0
2017-11-17,2580.5,2581.5,2580.5,2581.5,8.75,2577.5,2.0,54.0
2017-11-20,2587.0,2588.0,2570.75,2584.75,6.0,2583.5,21.0,55.0
2017-11-21,2591.0,2601.5,2591.0,2600.0,14.5,2598.0,11.0,66.0
2017-11-22,2596.5,2599.75,2596.5,2599.75,1.5,2596.5,1.0,77.0
2017-11-24,2597.0,2601.5,2597.0,2601.5,6.5,2603.0,2.0,77.0
2017-11-27,,2604.75,,2604.75,1.0,2604.0,0.0,79.0
2017-11-28,2601.0,2628.25,2598.25,2628.25,26.0,2630.0,2.0,79.0
2017-11-29,2628.5,2635.75,2626.25,2628.75,0.25,2629.75,843.0,79.0
2017-11-30,2634.75,2660.0,2634.75,2649.5,23.25,2653.0,40.0,900.0
2017-12-01,2649.0,2654.5,2616.75,2645.5,4.25,2648.75,14.0,913.0
2017-12-04,2661.5,2668.75,2641.0,2641.0,5.25,2643.5,26.0,917.0
2017-12-05,2645.0,2653.25,2634.75,2634.75,9.75,2633.75,21.0,910.0
2017-12-06,2633.25,2638.5,2627.75,2637.25,1.5,2635.25,12.0,920.0
2017-12-07,2642.0,2647.0,2636.0,2643.25,10.5,2645.75,13.0,922.0
2017-12-08,2648.0,2657.75,2648.0,2657.25,12.25,2658.0,28.0,927.0
2017-12-11,2658.0,2671.25,2658.0,2671.25,10.5,2668.5,33.0,931.0
2017-12-12,2671.0,2676.75,2669.25,2673.0,4.0,2672.5,23.0,931.0
2017-12-13,2670.0,2679.75,2665.75,2675.5,1.5,2674.0,9.0,939.0
2017-12-14,2674.25,2677.0,2659.75,2660.0,13.25,2660.75,14.0,939.0
2017-12-15,2663.25,2687.0,2660.5,2687.0,26.25,2687.0,11.0,949.0
2017-12-18,2698.5,2702.25,2698.25,2702.25,12.25,2701.25,2.0,49.0
2017-12-19,2694.0,2703.0,2694.0,2694.0,9.75,2691.5,2.0,51.0
2017-12-20,2691.5,2702.25,2689.5,2692.5,2.5,2689.0,4.0,52.0
2017-12-21,2700.0,2702.75,2698.25,2698.25,6.0,2695.0,4.0,54.0
2017-12-22,,2697.75,2694.0,2694.0,1.5,2693.5,4.0,58.0
2017-12-26,,,,,1.0,2694.5,0.0,54.0
2017-12-27,,2695.25,2693.75,2693.75,1.5,2693.0,0.0,54.0
2017-12-28,2696.75,2696.75,2695.0,2695.0,0.5,2693.5,15.0,54.0
2017-12-29,2695.0,2703.75,2679.0,2679.25,8.5,2685.0,633.0,55.0
2018-01-02,2694.75,2703.25,2687.25,2703.25,16.75,2701.75,2.0,75.0
2018-01-03,2703.5,2722.25,2703.5,2720.0,18.25,2720.0,27.0,74.0
2018-01-04,2726.25,2735.75,2724.25,2734.25,14.0,2734.0,22.0,75.0
2018-01-05,2740.0,2753.0,2736.5,2753.0,19.0,2753.0,4.0,84.0
2018-01-08,2756.25,2759.0,2750.25,2757.5,4.25,2757.25,5808.0,83.0
2018-01-09,2757.5,2770.0,2757.5,2764.0,5.75,2763.0,4222.0,5880.0
2018-01-10,2756.25,2759.75,2750.5,2759.25,1.5,2761.5,2806.0,10074.0
2018-01-11,2772.75,2778.75,2772.5,2778.75,19.0,2780.5,3805.0,12873.0
2018-01-12,2786.25,2800.0,2785.25,2800.0,19.5,2800.0,1085.0,16475.0
2018-01-16,2810.0,2817.5,2784.75,2792.75,5.5,2794.5,405.0,17477.0
2018-01-17,2798.25,2820.5,2795.75,2816.75,22.5,2817.0,161.0,17479.0
2018-01-18,2812.0,2820.0,2809.25,2810.0,7.5,2809.5,1030.0,18635.0
2018-01-19,2815.0,2827.25,2808.0,2827.25,16.25,2825.75,220.0,19621.0
2018-01-22,2832.0,2851.5,2821.75,2851.5,25.25,2851.0,1732.0,19730.0
2018-01-23,2850.0,2860.0,2850.0,2856.0,4.5,2855.5,1909.0,20784.0
2018-01-24,2869.75,2869.75,2844.0,2857.0,1.0,2856.5,686.0,21787.0
2018-01-25,2860.0,2865.0,2849.25,2855.0,0.25,2856.75,1012.0,22432.0
2018-01-26,2859.75,2890.0,2859.75,2890.0,34.0,2890.75,114.0,23438.0
2018-01-29,2894.0,2894.75,2871.25,2872.0,21.0,2869.75,37.0,23444.0
2018-01-30,2859.25,2870.5,2838.0,2844.75,29.0,2840.75,19.0,23473.0
2018-01-31,2847.75,2852.5,2833.75,2844.0,1.25,2842.0,959.0,23474.0
2018-02-01,2850.5,2851.25,2827.75,2836.75,3.5,2838.5,36.0,24419.0
2018-02-02,2815.0,2841.25,2766.75,2773.25,66.5,2772.0,2606.0,24411.0
2018-02-05,2752.5,2773.5,2620.0,2624.75,151.0,2621.0,57.0,24082.0
2018-02-06,2641.75,2703.5,2547.75,2701.75,87.25,2708.25,63.0,24069.0
2018-02-07,2693.5,2733.25,2680.0,2680.0,26.5,2681.75,22.0,24090.0
2018-02-08,2683.0,2693.25,2595.5,2609.75,75.5,2606.25,135.0,24084.0
2018-02-09,2612.0,2641.75,2546.25,2628.75,23.75,2630.0,250.0,24084.0
2018-02-12,2664.0,2678.25,2636.0,2665.0,36.75,2666.75,16.0,24074.0
2018-02-13,2653.0,2676.25,2653.0,2676.0,7.25,2674.0,5.0,24075.0
2018-02-14,2675.25,2711.5,2651.0,2709.25,35.75,2709.75,226.0,24076.0
2018-02-15,2719.75,2750.0,2705.0,2750.0,39.25,2749.0,54.0,24272.0
2018-02-16,2754.0,2767.25,2739.25,2748.5,1.75,2750.75,37.0,24303.0
2018-02-20,2761.0,2763.5,2722.0,2731.5,20.5,2730.25,10.0,24317.0
2018-02-21,2728.75,2759.75,2712.5,2712.5,15.25,2715.0,30.0,24321.0
2018-02-22,2748.0,2748.0,2706.5,2724.75,13.0,2728.0,712.0,24326.0
2018-02-23,2730.5,2760.5,2730.5,2760.5,37.25,2765.25,69.0,24326.0
2018-02-26,2768.5,2804.25,2762.0,2804.25,36.5,2801.75,228.0,24317.0
2018-02-27,2800.5,2804.0,2762.0,2764.25,36.0,2765.75,1057.0,24519.0
2018-02-28,2760.0,2779.0,2732.5,2736.25,33.25,2732.5,73.0,24933.0
2018-03-01,2725.0,2747.5,2678.75,2695.5,37.75,2694.75,42.0,24939.0
2018-03-02,2699.0,2708.5,2666.0,2707.0,12.5,2707.25,16.0,24917.0
2018-03-05,2720.25,2743.0,2691.0,2737.5,27.25,2734.5,29.0,24917.0
2018-03-06,2736.0,2747.25,2731.5,2742.75,6.0,2740.5,31.0,24921.0
2018-03-07,2708.25,2745.0,2700.0,2739.25,0.5,2740.0,8.0,24916.0
2018-03-08,2750.0,2754.25,2742.0,2754.25,15.5,2755.5,1.0,24917.0
2018-03-09,2779.75,2801.25,2779.75,2801.25,45.75,2801.25,49.0,24918.0
2018-03-12,2805.0,2813.0,2799.5,2800.5,0.75,2802.0,53.0,24922.0
2018-03-13,2815.0,2818.0,2776.5,2782.25,16.5,2785.5,44.0,24925.0
2018-03-14,2784.5,2793.0,2763.5,2769.0,19.0,2766.5,107.0,24951.0
2018-03-15,2760.25,2775.5,2759.25,2767.75,0.75,2767.25,3.0,25000.0
2018-03-16,2772.5,2777.25,2766.5,2768.5,1.25,2768.5,14.0,24999.0
2018-03-19,2755.0,2755.0,2739.5,2739.5,33.75,2739.75,4.0,47.0
2018-03-20,,2741.75,2735.75,2741.5,1.75,2741.5,0.0,47.0
2018-03-21,,2756.75,,2755.25,6.0,2735.5,0.0,47.0
2018-03-22,,,2684.5,2684.5,74.5,2661.0,17.0,47.0
2018-03-23,2635.0,2670.0,2615.75,2615.75,46.25,2614.75,114.0,31.0
2018-03-26,2635.0,2667.25,2628.5,2667.25,61.75,2676.5,11.0,128.0
2018-03-27,,2683.75,2624.75,2624.75,46.75,2629.75,9.0,127.0
2018-03-28,,2644.5,2622.0,2627.0,8.25,2621.5,3.0,119.0
2018-03-29,,2666.75,,2659.75,38.25,2659.75,0.0,116.0
2018-04-02,2636.0,2636.0,2579.0,2582.5,70.75,2589.0,31.0,116.0
2018-04-03,2595.0,2619.5,2593.25,2619.5,39.5,2628.5,4.0,110.0
2018-04-04,,2651.25,2590.75,2651.25,33.75,2662.25,2.0,112.0
2018-04-05,,2674.75,,2669.5,14.75,2677.0,0.0,113.0
2018-04-06,,,2614.5,2621.0,56.5,2620.5,0.0,113.0
2018-04-09,,2664.25,,2638.5,13.25,2633.75,0.0,113.0
2018-04-10,2660.5,2670.75,2660.5,2666.75,35.25,2669.0,10.0,113.0
2018-04-11,2651.5,2664.0,2642.25,2653.0,13.5,2655.5,4.0,113.0
2018-04-12,,2674.5,2655.0,2674.5,23.75,2679.25,0.0,114.0
2018-04-13,,,2660.5,2667.0,8.0,2671.25,0.0,114.0
2018-04-16,,2688.5,,2688.5,24.5,2695.75,0.0,114.0
2018-04-17,,2717.25,,2717.25,23.25,2719.0,5.0,114.0
2018-04-18,2729.25,2729.25,2729.25,2729.25,6.0,2725.0,43.0,113.0
2018-04-19,,,2700.75,2708.25,17.0,2708.0,0.0,144.0
2018-04-20,2695.5,2695.5,2676.75,2684.5,21.75,2686.25,1.0,144.0
2018-04-23,,2693.75,2684.5,2685.75,,2686.25,0.0,145.0
2018-04-24,2677.0,2696.25,2635.5,2645.5,37.75,2648.5,2.0,145.0
2018-04-25,2646.0,2658.25,2628.5,2658.25,9.75,2658.25,1.0,144.0
2018-04-26,,2687.5,,2687.5,30.75,2689.0,0.0,143.0
2018-04-27,2679.25,2679.25,2675.0,2679.25,2.5,2686.5,3.0,143.0
2018-04-30,2666.5,2688.0,2665.0,2665.0,26.0,2660.5,12.0,144.0
2018-05-01,,2666.75,2643.5,2666.75,5.25,2665.75,0.0,134.0
2018-05-02,,2669.0,2639.25,2639.25,24.75,2641.0,0.0,1810.0
2018-05-03,2633.0,2643.0,2612.75,2642.5,5.25,2646.25,4.0,2011.0
2018-05-04,2640.0,2678.5,2629.75,2675.25,31.75,2678.0,2.0,2009.0
2018-05-07,2688.25,2690.0,2678.0,2679.75,6.0,2684.0,104.0,2013.0
2018-05-08,,,2667.25,2682.0,0.5,2683.5,0.0,2108.0
2018-05-09,2687.0,2710.75,2686.5,2708.25,26.0,2709.5,2.0,2108.0
2018-05-10,2714.75,2735.0,2714.75,2729.5,23.75,2733.25,41.0,6153.0
2018-05-11,2742.0,2744.0,2732.25,2741.75,10.5,2743.75,2.0,4960.0
2018-05-14,,2753.0,2739.75,2741.75,0.5,2743.25,0.0,8891.0
2018-05-15,,,2715.75,2723.0,20.5,2722.75,1.0,6248.0
2018-05-16,2722.0,2740.5,2720.0,2736.0,14.5,2737.25,401.0,6841.0
2018-05-17,2732.0,2744.5,2727.5,2734.25,4.25,2733.0,1.0,6496.0
2018-05-18,,2739.75,2728.0,2728.5,6.25,2726.75,1.0,7149.0
2018-05-21,2754.0,2754.0,2741.0,2746.5,21.0,2747.75,10.0,7625.0
2018-05-22,,2754.75,2740.75,2740.75,6.5,2741.25,204.0,7626.0
2018-05-23,2747.5,2747.5,2722.0,2745.25,3.5,2744.75,17.0,7723.0
2018-05-24,2732.5,2742.0,2722.0,2740.75,2.75,2742.0,43.0,7736.0
2018-05-25,2734.25,2749.25,2732.25,2733.0,9.25,2732.75,21.0,7754.0
2018-05-29,2710.25,2738.0,2689.75,2705.5,27.75,2705.0,128.0,7954.0
2018-05-30,2732.25,2741.5,2700.75,2737.75,32.5,2737.5,9.0,7918.0
2018-05-31,2733.25,2738.75,2714.5,2720.25,18.25,2719.25,33.0,7921.0
2018-06-01,2734.5,2749.5,2731.5,2747.5,28.25,2747.5,14.0,7946.0
2018-06-04,2762.0,2762.0,2744.75,2761.0,12.5,2760.0,125.0,7964.0
2018-06-05,2757.0,2765.25,2756.5,2764.0,6.0,2766.0,1.0,7889.0
2018-06-06,2772.0,2785.0,2765.75,2785.0,20.5,2786.5,21.0,7889.0
2018-06-07,2789.0,2791.75,2775.5,2785.0,0.25,2786.25,6.0,7870.0
2018-06-08,,2787.75,2770.75,2784.75,7.0,2793.25,2.0,7858.0
2018-06-11,2792.5,2803.0,2785.5,2797.5,4.5,2797.75,9.0,7856.0
2018-06-12,2800.0,2803.0,2794.25,2803.0,1.75,2799.5,14.0,7865.0
2018-06-13,2800.0,2807.25,2796.75,2797.0,8.75,2790.75,17.0,7871.0
2018-06-14,2795.75,2799.0,2795.75,2799.0,8.75,2799.5,3.0,7881.0
2018-06-15,2783.25,2796.75,2779.25,2792.75,4.25,2795.25,12.0,7881.0
2018-06-18,,,2802.25,2802.25,5.25,2800.0,0.0,1.0
2018-06-19,,,,,13.5,2786.5,0.0,1.0
2018-06-20,,,,,5.25,2791.75,0.0,1.0
2018-06-21,,,,,19.0,2772.75,0.0,1.0
2018-06-22,,,,,6.75,2779.5,0.0,1.0
2018-06-25,,,,,38.0,2741.5,0.0,1.0
2018-06-26,,,,,2.5,2744.0,3000.0,1.0
2018-06-27,2740.0,2748.0,2734.0,2734.0,23.75,2720.25,1001.0,3001.0
2018-06-28,,2724.25,,2724.25,14.5,2734.75,500.0,4002.0
2018-06-29,,2744.5,,2744.5,2.75,2737.5,1500.0,4501.0
2018-07-02,,,2727.0,2734.25,5.75,2743.25,550.0,6001.0
2018-07-03,,2744.25,2740.75,2740.75,13.75,2729.5,0.0,6551.0
2018-07-05,,2742.5,,2742.5,25.5,2755.0,650.0,6551.0
2018-07-06,,2773.0,,2773.0,25.25,2780.25,0.0,7201.0
2018-07-09,,2794.0,,2794.0,24.75,2805.0,100.0,7201.0
2018-07-10,,2807.25,,2807.25,9.75,2814.75,101.0,7301.0
2018-07-11,,,2796.25,2797.5,24.25,2790.5,6.0,7402.0
2018-07-12,,2811.25,,2811.25,26.0,2816.5,1.0,7408.0
2018-07-13,,2820.5,,2820.5,4.5,2821.0,2.0,7409.0
2018-07-16,,,,,6.5,2814.5,4.0,7411.0
2018-07-17,,2828.75,,2828.75,15.5,2830.0,0.0,7415.0
2018-07-18,,2831.5,,2831.5,4.75,2834.75,1.0,7415.0
2018-07-19,,,2830.25,2830.25,10.75,2824.0,2.0,7416.0
2018-07-20,,2825.25,2823.0,2825.25,6.5,2817.5,15.0,7418.0
2018-07-23,,2826.75,,2826.75,11.25,2828.75,1.0,7422.0
2018-07-24,,2843.25,,2841.0,9.25,2838.0,0.0,7423.0
2018-07-25,2850.0,2854.0,2850.0,2854.0,19.75,2857.75,10.0,7423.0
2018-07-26,2858.75,2858.75,2858.75,2858.75,1.25,2859.0,1.0,7433.0
2018-07-27,,,2838.75,2838.75,22.25,2836.75,0.0,7434.0
2018-07-30,,,2829.0,2829.0,15.0,2821.75,0.0,7434.0
2018-07-31,,2833.5,,2833.5,14.25,2836.0,0.0,7434.0
2018-08-01,2835.0,2839.5,2835.0,2837.0,6.5,2829.5,2.0,7434.0
2018-08-02,,2843.75,2823.25,2843.75,17.5,2847.0,0.0,7436.0
2018-08-03,,2848.25,,2848.25,11.75,2858.75,0.0,7436.0
2018-08-06,2861.0,2866.0,2861.0,2866.0,10.75,2869.5,2.0,7436.0
2018-08-07,,2870.75,,2870.75,9.75,2879.25,0.0,7438.0
2018-08-08,,,,,4.75,2874.5,0.0,7438.0
2018-08-09,,,,,1.75,2872.75,120.0,7454.0
2018-08-10,,,2857.5,2857.5,18.0,2854.75,0.0,7454.0
2018-08-13,,,2849.0,2849.0,11.25,2843.5,0.0,7454.0
2018-08-14,,2851.75,,2851.75,15.5,2859.0,0.0,7454.0
2018-08-15,,,2831.75,2831.75,20.5,2838.5,0.0,7454.0
2018-08-16,,2859.25,,2859.25,23.5,2862.0,0.0,7454.0
2018-08-17,,2864.25,,2864.25,7.5,2869.5,0.0,7454.0
2018-08-20,,2872.25,,2872.25,6.5,2876.0,0.0,7454.0
2018-08-21,2885.0,2888.0,2878.75,2878.75,3.5,2879.5,1.0,7454.0
2018-08-22,,2880.25,2873.5,2880.25,0.5,2879.0,0.0,7455.0
2018-08-23,2876.0,2883.0,2876.0,2882.0,4.0,2875.0,1.0,7455.0
2018-08-24,,2890.75,,2890.75,19.5,2894.5,0.0,7456.0
2018-08-27,2908.0,2908.0,2908.0,2908.0,22.25,2916.75,3.0,7456.0
2018-08-28,2913.75,2917.25,2913.75,2917.25,3.0,2919.75,8.0,7458.0
2018-08-29,,2931.0,,2931.0,15.0,2934.75,0.0,7459.0
2018-08-30,,,2920.75,2920.75,12.75,2922.0,0.0,7459.0
2018-08-31,,,2921.25,2921.25,,2922.0,0.0,7459.0
2018-09-04,,,2916.75,2916.75,3.5,2918.5,0.0,7459.0
2018-09-05,,,2908.75,2908.75,10.0,2908.5,0.0,7459.0
2018-09-06,2893.5,2901.0,2890.0,2901.0,9.5,2899.0,4.0,7459.0
2018-09-07,2890.25,2900.0,2887.25,2894.0,4.0,2895.0,2.0,7460.0
2018-09-10,,2899.0,,2899.0,5.5,2900.5,2.0,7461.0
2018-09-11,,2904.0,2890.25,2904.0,10.0,2910.5,0.0,7461.0
2018-09-12,2907.5,2907.5,2902.5,2907.5,1.25,2909.25,1.0,7461.0
2018-09-13,2926.75,2926.75,2926.75,2926.75,18.25,2927.5,3.0,7461.0
2018-09-14,,,2926.5,2927.0,1.25,2928.75,0.0,7464.0
2018-09-17,,,2918.75,2918.75,15.25,2913.5,0.0,7464.0
2018-09-18,2924.5,2934.0,2922.5,2934.0,15.75,2929.25,128.0,7464.0
2018-09-19,2930.0,2935.0,2930.0,2933.0,1.25,2930.5,4.0,7387.0
2018-09-20,2943.0,2956.0,2943.0,2956.0,27.5,2958.0,4.0,7391.0
2018-09-21,2958.0,2961.25,2951.5,2951.5,5.5,2952.5,13.0,7393.0
2018-09-24,,,2959.25,2959.25,8.75,2951.5,0.0,9.0
2018-09-25,,,,,1.5,2950.0,2.0,9.0
2018-09-26,,2953.5,2946.0,2946.0,10.0,2940.0,0.0,11.0
2018-09-27,,2947.25,,2947.25,8.5,2948.5,0.0,11.0
2018-09-28,,,,,,2948.5,0.0,11.0
2018-10-01,,2960.75,,2960.75,11.0,2959.5,0.0,11.0
2018-10-02,,,,,1.75,2957.75,0.0,11.0
2018-10-03,,2966.75,,2966.75,3.25,2961.0,0.0,11.0
2018-10-04,,,2932.25,2932.25,24.5,2936.5,0.0,11.0
2018-10-05,,,2916.5,2916.5,13.25,2923.25,0.0,11.0
2018-10-08,,,2909.25,2913.5,0.5,2922.75,0.0,11.0
2018-10-09,,,2918.75,2921.75,5.0,2917.75,0.0,11.0
2018-10-10,,,2814.0,2814.0,108.25,2809.5,0.0,11.0
2018-10-11,,,2770.5,2770.5,35.75,2773.75,4.0,11.0
2018-10-12,2770.0,2803.0,2770.0,2791.75,25.5,2799.25,1.0,14.0
2018-10-15,,,2781.75,2789.25,19.0,2780.25,0.0,15.0
2018-10-16,,2837.75,,2837.75,68.75,2849.0,0.0,15.0
2018-10-17,,,2826.0,2833.25,1.75,2847.25,0.0,15.0
2018-10-18,,,2800.75,2800.75,44.0,2803.25,0.0,15.0
2018-10-19,2800.0,2821.0,2800.0,2806.5,4.25,2799.0,1.0,15.0
2018-10-22,2800.0,2800.0,2786.0,2794.25,11.25,2787.75,1.0,16.0
2018-10-23,,,2736.75,2758.75,14.75,2773.0,0.0,16.0
2018-10-24,,,2693.75,2693.75,83.25,2689.75,0.0,16.0
2018-10-25,2732.5,2738.0,2710.0,2710.0,24.0,2713.75,3.0,16.0
2018-10-26,,,2671.5,2687.0,20.25,2693.5,2.0,14.0
2018-10-29,2731.0,2731.0,2640.25,2661.0,26.0,2667.5,1.0,13.0
2018-10-30,,2699.25,,2699.25,42.0,2709.5,0.0,13.0
2018-10-31,2750.0,2753.75,2745.0,2745.0,26.5,2736.0,10.0,13.0
2018-11-01,,2758.25,,2758.25,27.5,2763.5,0.0,23.0
2018-11-02,,2775.5,2743.75,2745.5,14.0,2749.5,0.0,23.0
2018-11-05,,2760.25,2749.25,2760.25,15.75,2765.25,0.0,23.0
2018-11-06,,2776.75,,2776.75,20.25,2785.5,0.0,23.0
2018-11-07,2800.0,2834.5,2783.25,2834.5,57.25,2842.75,4.0,23.0
2018-11-08,,,2831.5,2831.5,9.0,2833.75,0.0,25.0
2018-11-09,,,2801.0,2810.75,29.75,2804.0,0.0,25.0
2018-11-12,,2811.75,2758.75,2758.75,51.75,2752.25,0.0,25.0
2018-11-13,2766.0,2773.75,2750.0,2750.0,0.25,2752.0,1.0,25.0
2018-11-14,,2766.5,2722.75,2730.0,31.5,2720.5,0.0,26.0
2018-11-15,,2740.25,2704.75,2740.25,35.5,2756.0,0.0,26.0
2018-11-16,2750.0,2765.25,2741.25,2757.75,9.5,2765.5,24.0,26.0
2018-11-19,,,2714.25,2715.75,46.25,2719.25,0.0,30.0
2018-11-20,2683.5,2688.0,2663.0,2667.75,56.25,2663.0,3.0,30.0
2018-11-21,,2684.25,2660.75,2681.0,9.0,2672.0,0.0,29.0
2018-11-23,,,2663.5,2663.5,19.5,2652.5,0.0,29.0
2018-11-26,2688.0,2688.0,2688.0,2688.0,38.5,2691.0,1.0,29.0
2018-11-27,2685.0,2698.25,2683.0,2696.5,14.5,2705.5,7.0,30.0
2018-11-28,2750.0,2756.5,2748.0,2756.5,58.5,2764.0,6.0,36.0
2018-11-29,,,2755.5,2762.5,2.5,2766.5,0.0,41.0
2018-11-30,,2776.0,2755.75,2776.0,14.25,2780.75,0.0,41.0
2018-12-03,2829.5,2829.5,2807.5,2811.25,32.25,2813.0,3.0,41.0
2018-12-04,2794.0,2794.0,2726.75,2726.75,90.0,2723.0,1.0,43.0
2018-12-05,,2736.0,,2736.0,,2723.0,0.0,41.0
2018-12-06,2675.0,2710.25,2650.0,2710.25,14.0,2709.0,20.0,41.0
2018-12-07,2708.25,2720.0,2649.5,2652.5,55.0,2654.0,4.0,44.0
2018-12-10,2625.5,2654.5,2609.5,2654.0,6.0,2660.0,7.0,45.0
2018-12-11,2654.5,2682.75,2648.75,2648.75,1.5,2658.5,1.0,47.0
2018-12-12,,2698.5,2656.5,2668.75,11.25,2669.75,0.0,46.0
2018-12-13,,2677.0,2662.5,2662.5,6.75,2663.0,0.0,46.0
2018-12-14,,,2615.5,2615.5,43.5,2619.5,0.0,46.0
2018-12-17,2550.75,2566.25,2550.75,2566.25,49.75,2569.75,1.0,46.0
2018-12-18,,2574.75,2555.5,2555.5,17.25,2552.5,0.0,46.0
2018-12-19,2518.25,2575.5,2508.75,2514.75,33.75,2518.75,6.0,46.0
2018-12-20,2493.75,2520.75,2454.0,2488.75,24.25,2494.5,14.0,47.0
2018-12-21,2481.25,2512.5,2420.5,2426.25,75.25,2419.25,3.0,41.0
2018-12-24,,,2395.0,2395.0,74.5,2352.75,0.0,10.0
2018-12-26,,2468.5,2328.0,2468.5,131.75,2484.5,0.0,10.0
2018-12-27,2438.5,2505.0,2424.25,2505.0,21.75,2506.25,14.0,10.0
2018-12-28,2499.5,2528.0,2495.0,2528.0,7.5,2498.75,4.0,13.0
2018-12-31,,2515.25,,2515.25,15.75,2514.5,0.0,13.0
2019-01-02,2525.0,2526.5,2476.25,2511.75,9.25,2523.75,1.0,13.0
2019-01-03,2480.25,2495.75,2459.0,2462.25,64.25,2459.5,4.0,14.0
2019-01-04,,2546.5,2455.75,2546.5,84.0,2543.5,0.0,17.0
2019-01-07,2554.75,2575.0,2535.75,2569.75,19.25,2562.75,12.0,17.0
2019-01-08,,2584.25,,2583.75,21.75,2584.5,3.0,21.0
2019-01-09,,2600.25,,2600.25,9.75,2594.25,1.0,19.0
2019-01-10,,2605.75,2579.0,2605.75,12.75,2607.0,0.0,19.0
2019-01-11,2603.25,2609.0,2603.0,2606.75,1.75,2608.75,53.0,19.0
2019-01-14,,,2586.5,2597.75,14.0,2594.75,1.0,67.0
2019-01-15,,2613.75,,2613.75,22.75,2617.5,0.0,66.0
2019-01-16,2628.0,2636.0,2628.0,2636.0,9.25,2626.75,1.0,66.0
2019-01-17,2642.5,2650.0,2616.0,2650.0,23.75,2650.5,180.0,66.0
2019-01-18,2678.0,2690.5,2678.0,2690.5,38.0,2688.5,7.0,317.0
2019-01-22,2660.0,2660.0,2646.25,2650.0,41.5,2647.0,7.0,322.0
2019-01-23,2665.0,2666.0,2640.0,2650.0,7.25,2654.25,1.0,322.0
2019-01-24,2646.0,2658.25,2646.0,2653.0,3.25,2651.0,7.0,323.0
2019-01-25,2658.75,2683.5,2658.75,2683.5,29.5,2680.5,5.0,326.0
2019-01-28,2648.0,2653.75,2648.0,2653.75,22.0,2658.5,4.0,326.0
2019-01-29,,,,,1.0,2657.5,1.0,326.0
2019-01-30,,2694.0,,2694.0,41.75,2699.25,0.0,326.0
2019-01-31,2699.25,2728.0,2697.0,2728.0,23.25,2722.5,5.0,326.0
2019-02-01,2720.0,2726.25,2720.0,2724.75,0.5,2722.0,1.0,328.0
2019-02-04,2736.0,2736.0,2736.0,2736.0,16.5,2738.5,1.0,329.0
2019-02-05,2750.0,2750.0,2750.0,2750.0,11.25,2749.75,1.0,330.0
2019-02-06,2746.0,2746.25,2745.25,2746.25,4.0,2745.75,25.0,330.0
2019-02-07,,,2713.5,2713.5,25.25,2720.5,1.0,353.0
2019-02-08,2705.0,2718.25,2705.0,2718.25,0.25,2720.25,2.0,353.0
2019-02-11,,2728.25,2715.5,2725.0,2.5,2722.75,0.0,354.0
2019-02-12,2740.0,2757.75,2740.0,2757.75,36.5,2759.25,2.0,460.0
2019-02-13,2764.5,2773.25,2764.5,2765.25,4.75,2764.0,1.0,462.0
2019-02-14,,2769.5,2756.5,2768.25,6.0,2758.0,0.0,461.0
2019-02-15,2773.25,2789.25,2750.0,2789.25,33.5,2791.5,1.0,461.0
2019-02-19,2798.0,2799.75,2786.0,2792.5,1.0,2792.5,72.0,462.0
2019-02-20,,2795.25,2788.5,2795.25,8.25,2800.75,2.0,468.0
2019-02-21,2792.0,2793.0,2779.5,2780.0,12.75,2788.0,13.0,464.0
2019-02-22,,2797.25,,2797.25,17.5,2805.5,21.0,465.0
2019-02-25,2825.0,2825.0,2812.75,2812.75,6.25,2811.75,7.0,485.0
2019-02-26,2801.0,2816.25,2801.0,2806.0,5.5,2806.25,11.0,484.0
2019-02-27,,,2792.75,2800.0,3.75,2810.0,89.0,487.0
2019-02-28,,,2797.5,2797.5,10.5,2799.5,0.0,487.0
